BEGIN TRANSACTION;
CREATE TABLE roles (
	id SERIAL NOT NULL, 
	name VARCHAR(64), 
	PRIMARY KEY (id), 
	UNIQUE (name)
);
INSERT INTO "roles" VALUES(1,'Admin');
INSERT INTO "roles" VALUES(2,'Clerk/Grader');
CREATE TABLE customers (
	id SERIAL NOT NULL, 
	code VARCHAR, 
	name VARCHAR, 
	PRIMARY KEY (id)
);
CREATE TABLE users (
	id SERIAL NOT NULL, 
	email VARCHAR(64), 
	username VARCHAR(64), 
	name VARCHAR(150), 
	user_pin VARCHAR(10), 
	role_id INTEGER, 
	password_hash VARCHAR(128), 
	PRIMARY KEY (id), 
	FOREIGN KEY(role_id) REFERENCES roles (id)
);
INSERT INTO "users" VALUES(1,'nchacha@gmail.com','nchacha','Nicholas Chacha','1234',NULL,'pbkdf2:sha256:50000$IynWX275$bf1d05d9a083ad7560cd7ff6f203536d813848e21223dadbbc5c99c433bbb957');
INSERT INTO "users" VALUES(2,'bnyagwaya@gmail.com','bnyagwaya','Benard Nyagwaya','1234',NULL,'pbkdf2:sha256:50000$PhuUf9FB$2334efae90ae3e4ac95131bd261f8cff1c285283fd0c236f9c050bee22e638e1');
INSERT INTO "users" VALUES(3,'dndegwa@gmail.com','dndegwa','Dennis Ndegwa','4321',NULL,'pbkdf2:sha256:50000$7c2nWxmN$f380866e20c673579b45b71d9eb975ce5146429a178362c7fc0e881f28512d37');
INSERT INTO "users" VALUES(4,'jtajewuo@gmail.com','jtajewuo','Joshua Tajewuo','4321',NULL,'pbkdf2:sha256:50000$XZj1lmoe$6a01e155af1905241e28bef0b475b9526f8f5195224c81da9e3d0deb06214c18');
INSERT INTO "users" VALUES(5,'tjoshua@gmail.com','tjoshua','Joshua Tajewuo','1234',NULL,'pbkdf2:sha256:50000$0CHoGwLT$a94b3a3e46f1aab591b8948efe8e2288d2b7fcd5c3b96f1e38f48ef2c0930c8c');
CREATE TABLE app_users (
	id SERIAL NOT NULL, 
	username VARCHAR(64), 
	first_name VARCHAR(64), 
	last_name VARCHAR(64), 
	phone_number VARCHAR(20), 
	app_password VARCHAR(64), 
	user_id INTEGER, 
	role_id INTEGER, 
	draft_date TIMESTAMP, 
	PRIMARY KEY (id), 
	FOREIGN KEY(user_id) REFERENCES users (id), 
	FOREIGN KEY(role_id) REFERENCES roles (id)
);
INSERT INTO "app_users" VALUES(1,'LILIAN','LILIAN','OMWENGA','0788814567','1234',1,2,'2017-08-02 10:45:16.853983');
INSERT INTO "app_users" VALUES(2,'CAROLYN','CAROLYN ','CHEPNGETICH','0710612744','1234',2,2,'2017-08-02 11:13:51.601820');
INSERT INTO "app_users" VALUES(3,'DICKSON','DICKSON','KOMBO','0717718305','1234',5,2,'2017-08-02 14:34:55.013893');
INSERT INTO "app_users" VALUES(4,'FLORENCE','FLORENCE','WAIRIMO','0715092781','1234',5,2,'2017-08-02 14:36:09.841970');
INSERT INTO "app_users" VALUES(5,'TERER','BENARD','TERER','0706023125','1234',5,2,'2017-08-02 14:38:50.406960');
INSERT INTO "app_users" VALUES(6,'STELLAH','STELLAH','BOSIBORI','0720507035','1234',5,2,'2017-08-02 14:40:07.723968');
INSERT INTO "app_users" VALUES(7,'SHEM','SHEM','KENYENYA','0722340213','1234',5,2,'2017-08-02 14:41:29.469962');
INSERT INTO "app_users" VALUES(8,'HARON','HARON','OMWENGA','070123556','1234',5,2,'2017-08-02 14:42:43.133884');
INSERT INTO "app_users" VALUES(9,'DENIS','DENIS ','OKOTH','0728213655','1234',5,2,'2017-08-02 14:43:18.138970');
INSERT INTO "app_users" VALUES(10,'MOSES','MOSES','SAILOJI','0727984077','1234',5,2,'2017-08-02 14:44:08.406987');
INSERT INTO "app_users" VALUES(11,'ELIZABETH','ELIZABETH','MAKANA','072365645','1234',5,2,'2017-08-02 14:46:27.186617');
INSERT INTO "app_users" VALUES(12,'FRANKLIN','FRANKLIN','RATEMO','0710505229','1234',5,2,'2017-08-02 15:54:24.080924');
INSERT INTO "app_users" VALUES(13,'KIRUI','KIBET','KIRUI','0728781533','4321',3,2,'2017-08-04 18:22:19.449184');
CREATE TABLE drivers (
	id SERIAL NOT NULL, 
	first_name VARCHAR(64), 
	last_name VARCHAR(64), 
	phone_number VARCHAR(20), 
	draft_date TIMESTAMP, 
	user_id INTEGER, 
	PRIMARY KEY (id), 
	FOREIGN KEY(user_id) REFERENCES users (id)
);
INSERT INTO "drivers" VALUES(1,'Joseph','Ochoi','0722293934','2017-08-02 11:02:17.362896',2);
INSERT INTO "drivers" VALUES(2,'Factory','location','0796332555','2017-08-02 12:57:29.253855',2);
INSERT INTO "drivers" VALUES(3,'Samson ','Ombaye','0729583412','2017-08-02 14:03:59.648560',2);
INSERT INTO "drivers" VALUES(4,'Charles','Okon''go','0724218033','2017-08-02 14:05:37.734552',2);
INSERT INTO "drivers" VALUES(5,'Robert ','Bett','0706846491','2017-08-02 14:07:44.404653',2);
INSERT INTO "drivers" VALUES(6,'Bernard','Koech','0722346210','2017-08-02 14:30:10.857493',2);
INSERT INTO "drivers" VALUES(7,'Alfred ','Kithinji','0725532623','2017-08-02 14:32:03.420112',2);
INSERT INTO "drivers" VALUES(8,'Alex','Kiptum','0710160954','2017-08-02 14:33:10.289105',2);
INSERT INTO "drivers" VALUES(9,'Stephen','Muthuri','0724917441','2017-08-02 14:34:01.886473',2);
INSERT INTO "drivers" VALUES(10,'Josephat','Kirui','0705383129','2017-08-02 14:36:56.629086',2);
INSERT INTO "drivers" VALUES(11,'Derick','Wafula','0720839320','2017-08-02 14:39:01.705695',2);
INSERT INTO "drivers" VALUES(12,'Emmanuel','Nyongesa','0726967070','2017-08-02 14:39:59.081300',2);
INSERT INTO "drivers" VALUES(13,'Elvis ','Omari','0719269944','2017-08-02 14:41:12.248408',2);
INSERT INTO "drivers" VALUES(14,'Nelson','Ongaki','0712743617','2017-08-02 14:42:08.158305',2);
INSERT INTO "drivers" VALUES(15,'Wycliffe','Simiyu','0721715371','2017-08-02 14:52:53.703908',2);
INSERT INTO "drivers" VALUES(16,'Omaiko','Mogaka','0721965212','2017-08-02 15:31:08.923894',2);
INSERT INTO "drivers" VALUES(17,'Frankline','Ratemo','0718764246','2017-08-02 15:51:10.045467',2);
INSERT INTO "drivers" VALUES(18,'Samuel','Arasa','0702403816','2017-08-04 12:25:34.889831',2);
INSERT INTO "drivers" VALUES(19,'Antony','N''geno','0720915717','2017-08-08 11:21:39.167114',2);
INSERT INTO "drivers" VALUES(20,'Aaron','Koros','0710733876','2017-08-13 18:40:24.107725',2);
CREATE TABLE factories (
	id SERIAL NOT NULL, 
	code VARCHAR(10), 
	name VARCHAR(64), 
	user_id INTEGER, 
	draft_date TIMESTAMP, 
	PRIMARY KEY (id), 
	FOREIGN KEY(user_id) REFERENCES users (id)
);
INSERT INTO "factories" VALUES(1,'HCF001','NYANSIONGO MILK PLANT',1,'2017-08-01 18:11:03.510473');
CREATE TABLE seasons (
	id SERIAL NOT NULL, 
	code VARCHAR(10), 
	name VARCHAR(64), 
	user_id INTEGER, 
	draft_date TIMESTAMP, 
	PRIMARY KEY (id), 
	FOREIGN KEY(user_id) REFERENCES users (id)
);
CREATE TABLE produce (
	id SERIAL NOT NULL, 
	code VARCHAR(10), 
	name VARCHAR(64), 
	user_id INTEGER, 
	cess FLOAT, 
	draft_date TIMESTAMP, 
	PRIMARY KEY (id), 
	FOREIGN KEY(user_id) REFERENCES users (id)
);
INSERT INTO "produce" VALUES(1,'MLK','MILK',1,0.2,'2017-08-01 18:11:35.474381');
CREATE TABLE vehicles (
	id SERIAL NOT NULL, 
	reg_no VARCHAR(10), 
	make VARCHAR(64), 
	body VARCHAR(64), 
	color VARCHAR(64), 
	ownership VARCHAR(5), 
	user_id INTEGER, 
	draft_date TIMESTAMP, 
	PRIMARY KEY (id), 
	FOREIGN KEY(user_id) REFERENCES users (id)
);
INSERT INTO "vehicles" VALUES(1,'KBK570X','ISUZU FSR','TANKER','WHITE HEAD, SILVER TANK','HCF',2,'2017-08-02 11:06:05.106880');
INSERT INTO "vehicles" VALUES(2,'KCJ048M','ISUZU FUSO','CANTER REFRIGERATED','WHITE','HCF',2,'2017-08-02 12:33:14.421664');
INSERT INTO "vehicles" VALUES(3,'KCF870P','TOYOTA PROBOX','SALOON','WHITE','HCF',2,'2017-08-02 12:34:27.076554');
INSERT INTO "vehicles" VALUES(4,'KCK795M','ISUZU FUSO','CANTER REFRIGERATED','BLUE HEAD, WHITE BODY','HCF',2,'2017-08-02 12:37:35.623670');
INSERT INTO "vehicles" VALUES(5,'KCK288D','ISUZU FUSO','CANTER REFRIGERATED','WHITE','HCF',2,'2017-08-02 12:38:16.069831');
INSERT INTO "vehicles" VALUES(6,'KAU984Y','ISUZU DMAX','P/UP','WHITE','HCF',2,'2017-08-02 12:52:33.249399');
INSERT INTO "vehicles" VALUES(7,'KCM258E','MAZDA','VAN','WHITE','HCF',2,'2017-08-02 12:54:04.966201');
INSERT INTO "vehicles" VALUES(8,'KCL129G','MAZDA','VAN','WHITE','HCF',2,'2017-08-02 13:03:41.015001');
INSERT INTO "vehicles" VALUES(9,'KCM262E','NISSAN','VAN','BEIGE','HCF',2,'2017-08-02 13:05:40.245790');
INSERT INTO "vehicles" VALUES(10,'KBE684P','ISUZU DMAX','P/UP DOUBLE CABIN','WHITE','HCF',2,'2017-08-02 13:07:10.928293');
INSERT INTO "vehicles" VALUES(11,'KAD279S','ISUZU TROOPER','SALOON','BEIGE','HCF',2,'2017-08-02 13:38:38.190768');
INSERT INTO "vehicles" VALUES(12,'kbk678x','ISUZU FVR','TIPPER','BEIGE','HCF',2,'2017-08-02 14:01:11.293922');
INSERT INTO "vehicles" VALUES(13,'KCL099W','ISUZU FRR','TANKER','WHITE HEAD, SILVER TANK','HCF',2,'2017-08-02 14:23:51.577357');
INSERT INTO "vehicles" VALUES(14,'KCG837A','ISUZU FRR','TANKER','WHITE HEAD, SILVER TANK','HRD',2,'2017-08-02 14:26:36.501791');
INSERT INTO "vehicles" VALUES(15,'FACT 0001','None','None','White','HCF',1,'2017-08-02 19:23:20.666906');
INSERT INTO "vehicles" VALUES(16,'KMDU 269S','MotorBike','Small','Black','HCF',1,'2017-08-02 19:24:30.002156');
CREATE TABLE routes (
	id SERIAL NOT NULL, 
	code VARCHAR(10), 
	name VARCHAR(64), 
	user_id INTEGER, 
	draft_date TIMESTAMP, 
	PRIMARY KEY (id), 
	FOREIGN KEY(user_id) REFERENCES users (id)
);
INSERT INTO "routes" VALUES(1,'ND001','NDANAI',1,'2017-08-02 08:41:47.564171');
INSERT INTO "routes" VALUES(2,'CH01','CHESEON',1,'2017-08-02 08:42:09.144894');
INSERT INTO "routes" VALUES(3,'CH02','CHEMUSIAN',1,'2017-08-02 08:42:29.857941');
INSERT INTO "routes" VALUES(4,'G01','GESUSU',1,'2017-08-02 08:43:00.703817');
INSERT INTO "routes" VALUES(5,'KL01','KILGORIS 1',1,'2017-08-02 08:43:24.146090');
INSERT INTO "routes" VALUES(6,'KIP01','KIPSONOI-LONGISA-IMMNIT',1,'2017-08-02 08:43:46.317694');
INSERT INTO "routes" VALUES(7,'OL01','OLCHOBOSEI',1,'2017-08-02 08:44:04.486684');
INSERT INTO "routes" VALUES(8,'KIL02','KILGORIS 2',1,'2017-08-02 08:44:30.863873');
INSERT INTO "routes" VALUES(9,'SI01','SIONGIROI-KERINGET',1,'2017-08-02 08:44:50.481471');
INSERT INTO "routes" VALUES(10,'MA01','MANGA',1,'2017-08-02 10:03:24.119538');
INSERT INTO "routes" VALUES(11,'HCFF','HCF FACTORY',1,'2017-08-02 10:28:16.781043');
INSERT INTO "routes" VALUES(12,'TI01','TINDERETI',2,'2017-08-02 15:49:13.021115');
INSERT INTO "routes" VALUES(13,'RNG01','RONGO',2,'2017-08-04 12:45:30.320156');
CREATE TABLE trips (
	id SERIAL NOT NULL, 
	status VARCHAR(20), 
	total_weight_collected FLOAT, 
	total_weight_received FLOAT, 
	has_collections BOOLEAN, 
	user_id INTEGER, 
	grader_id INTEGER, 
	vehicle_id INTEGER, 
	driver_id INTEGER, 
	route_id INTEGER, 
	draft_date TIMESTAMP, 
	last_updated TIMESTAMP, 
	PRIMARY KEY (id), 
	CHECK (has_collections IN ('0', '1')), 
	FOREIGN KEY(user_id) REFERENCES users (id), 
	FOREIGN KEY(grader_id) REFERENCES app_users (id), 
	FOREIGN KEY(vehicle_id) REFERENCES vehicles (id), 
	FOREIGN KEY(driver_id) REFERENCES drivers (id), 
	FOREIGN KEY(route_id) REFERENCES routes (id)
);
INSERT INTO "trips" VALUES(1,'OPEN',0.0,0.0,'0',2,2,1,1,3,'2017-08-02 11:16:11.857328','2017-08-02 11:16:11.857386');
INSERT INTO "trips" VALUES(2,'OPEN',0.0,0.0,'0',1,1,1,1,11,'2017-08-02 15:16:27.654222','2017-08-02 15:16:27.654286');
INSERT INTO "trips" VALUES(3,'CLOSED',0.0,0.0,'0',2,12,3,5,12,'2017-08-02 15:57:15.133948','2017-08-03 18:08:06.412607');
INSERT INTO "trips" VALUES(4,'CLOSED',130.8,130.8,'0',3,11,8,9,11,'2017-08-02 16:07:30.622147','2017-08-03 18:16:28.519931');
INSERT INTO "trips" VALUES(5,'CLOSED',1.23289999999999986353e+03,1142.0,'0',2,11,15,2,11,'2017-08-02 19:27:42.066485','2017-08-04 10:57:26.803852');
INSERT INTO "trips" VALUES(6,'CLOSED',1.62999999999999971582e+01,16.3,'0',2,12,16,17,12,'2017-08-02 19:28:04.505393','2017-08-03 18:01:42.761026');
INSERT INTO "trips" VALUES(7,'CLOSED',1.68399999999999977267e+02,165.0,'0',3,6,1,1,10,'2017-08-03 15:13:04.358185','2017-08-03 15:46:56.309491');
INSERT INTO "trips" VALUES(8,'CLOSED',6.0,7.0,'0',3,6,6,3,10,'2017-08-03 15:48:38.687832','2017-08-03 15:54:35.401786');
INSERT INTO "trips" VALUES(9,'CLOSED',4.20299999999999954539e+02,420.3,'0',2,6,6,3,10,'2017-08-03 17:03:23.226723','2017-08-04 12:43:06.123063');
INSERT INTO "trips" VALUES(10,'CLOSED',0.0,0.0,'0',2,12,16,17,12,'2017-08-03 17:03:44.845855','2017-08-03 17:07:11.969666');
INSERT INTO "trips" VALUES(11,'CLOSED',102.6,102.6,'0',2,12,16,17,12,'2017-08-03 18:08:40.941062','2017-08-06 12:04:38.865971');
INSERT INTO "trips" VALUES(12,'CLOSED',5.28500000000000113697e+02,528.5,'0',1,11,8,9,11,'2017-08-04 10:54:12.769763','2017-08-04 17:55:30.185872');
INSERT INTO "trips" VALUES(13,'CLOSED',0.0,0.0,'0',2,6,6,3,13,'2017-08-04 12:46:08.367970','2017-08-05 11:41:02.150162');
INSERT INTO "trips" VALUES(14,'CLOSED',0.0,0.0,'0',1,1,1,1,1,'2017-08-04 16:20:57.152679','2017-08-13 18:42:09.461823');
INSERT INTO "trips" VALUES(15,'CLOSED',3.02950000000000090939e+03,3029.5,'0',2,6,6,3,10,'2017-08-04 16:57:04.814164','2017-08-05 11:40:39.643921');
INSERT INTO "trips" VALUES(16,'CLOSED',0.0,0.0,'0',3,13,15,2,11,'2017-08-04 18:22:49.409927','2017-08-13 18:41:34.615998');
INSERT INTO "trips" VALUES(17,'CLOSED',718.5,718.5,'0',3,11,15,2,11,'2017-08-04 18:34:47.272515','2017-08-06 08:49:08.375611');
INSERT INTO "trips" VALUES(18,'CLOSED',0.0,0.0,'0',2,6,6,3,10,'2017-08-05 11:47:04.837112','2017-08-05 15:26:00.648864');
INSERT INTO "trips" VALUES(19,'CLOSED',205.6,205.6,'0',2,6,8,18,10,'2017-08-05 15:26:28.082148','2017-08-06 14:42:38.518377');
INSERT INTO "trips" VALUES(20,'CLOSED',5.63300000000000068191e+02,563.3,'0',2,11,15,2,11,'2017-08-06 08:49:46.607630','2017-08-13 18:42:47.340183');
INSERT INTO "trips" VALUES(21,'CLOSED',0.0,0.0,'0',2,12,7,4,12,'2017-08-06 12:05:34.432949','2017-08-13 18:35:53.846361');
INSERT INTO "trips" VALUES(22,'CLOSED',132.1,132.1,'0',2,6,8,18,10,'2017-08-06 14:43:53.469733','2017-08-07 14:06:22.247659');
INSERT INTO "trips" VALUES(23,'CLOSED',4.2199999999999995735e+01,42.2,'0',2,6,3,3,10,'2017-08-07 14:07:11.863006','2017-08-08 12:12:30.900196');
INSERT INTO "trips" VALUES(24,'OPEN',0.0,0.0,'0',2,12,3,20,12,'2017-08-13 18:45:44.229792','2017-08-13 18:45:44.229841');
INSERT INTO "trips" VALUES(25,'OPEN',0.0,0.0,'0',2,6,6,3,10,'2017-08-13 18:46:01.261663','2017-08-13 18:46:01.261713');
CREATE TABLE collection_centres (
	id SERIAL NOT NULL, 
	code VARCHAR(10), 
	name VARCHAR(64), 
	user_id INTEGER, 
	route_id INTEGER, 
	draft_date TIMESTAMP, 
	PRIMARY KEY (id), 
	FOREIGN KEY(user_id) REFERENCES users (id), 
	FOREIGN KEY(route_id) REFERENCES routes (id)
);
INSERT INTO "collection_centres" VALUES(1,'FA001','FACTORY STATION',1,1,'2017-08-02 08:49:27.835824');
INSERT INTO "collection_centres" VALUES(2,'RI01','RIONSUNE',1,4,'2017-08-02 10:03:31.275225');
INSERT INTO "collection_centres" VALUES(3,'RI02','RIONSONGO',1,4,'2017-08-02 10:04:00.254389');
INSERT INTO "collection_centres" VALUES(4,'NY01','NYANSUNE',1,4,'2017-08-02 10:04:24.896049');
INSERT INTO "collection_centres" VALUES(5,'RA01','RIANYANDORO',1,4,'2017-08-02 10:04:46.611702');
INSERT INTO "collection_centres" VALUES(6,'SA01','SAONI',1,1,'2017-08-02 10:05:17.662091');
INSERT INTO "collection_centres" VALUES(7,'HCF1','FACTORY',1,11,'2017-08-02 10:41:23.573992');
CREATE TABLE farmers (
	id SERIAL NOT NULL, 
	supplier_no VARCHAR(20), 
	first_name VARCHAR(64), 
	last_name VARCHAR(64), 
	id_number INTEGER, 
	phone_number VARCHAR(20), 
	user_id INTEGER, 
	centre_id INTEGER, 
	draft_date TIMESTAMP, 
	PRIMARY KEY (id), 
	FOREIGN KEY(user_id) REFERENCES users (id), 
	FOREIGN KEY(centre_id) REFERENCES collection_centres (id)
);
INSERT INTO "farmers" VALUES(1,'VW0006','WILLIAM OGEGA','',123456,'654321',1,1,'2017-08-02 10:07:30.123606');
INSERT INTO "farmers" VALUES(2,'VJ0024','Joshua  Orang''i','',98706,'3987654',1,1,'2017-08-02 10:25:23.294477');
INSERT INTO "farmers" VALUES(3,'VK0018','Kerubo Mong''are','',21323,'12323',1,1,'2017-08-02 11:37:48.274330');
INSERT INTO "farmers" VALUES(4,'VK0019','KEFAH NYANGWONO','',23434,'23434534',1,1,'2017-08-02 11:38:20.245977');
INSERT INTO "farmers" VALUES(5,'VL0009','LEAH TUMBO','',2345,'23434',1,1,'2017-08-02 11:38:56.490314');
INSERT INTO "farmers" VALUES(6,'VL0008','Lydia Kerubo Nyoka','',23434,'234324',1,1,'2017-08-02 11:39:38.079243');
INSERT INTO "farmers" VALUES(7,'VM0029','MARCELLA ONCHONG`A','',2343545,'234545',1,1,'2017-08-02 11:40:56.674968');
INSERT INTO "farmers" VALUES(8,'VM0030','Magret Kemunto','',235556,'23455',1,1,'2017-08-02 11:41:28.763654');
INSERT INTO "farmers" VALUES(9,'VM0028','Michael Angoi','',23434,'234554',1,1,'2017-08-02 11:42:11.271624');
INSERT INTO "farmers" VALUES(10,'VM0024','Micah Omenge Onsase','',3452,'23454',1,1,'2017-08-02 11:42:41.672954');
INSERT INTO "farmers" VALUES(11,'VH0011','Hellen Nyaanga','',23453,'2345',1,1,'2017-08-02 11:45:49.063816');
INSERT INTO "farmers" VALUES(12,'VN0012','Nicholous Magutu Mogeni','',2343,'23434',1,1,'2017-08-02 11:46:19.349962');
INSERT INTO "farmers" VALUES(13,'VN0009','Nyagwoka Mayieka','',23434,'23434',1,1,'2017-08-02 11:46:49.617256');
INSERT INTO "farmers" VALUES(14,'VD0013','Donald Onsongo','',2324,'23423',1,1,'2017-08-02 11:47:17.643120');
INSERT INTO "farmers" VALUES(15,'VJ0022','JAMES ONYANCHA','',234234,'234234',1,1,'2017-08-02 11:47:43.577293');
INSERT INTO "farmers" VALUES(16,'VO0015','OCHONG`A ONKUNDI','',23423,'234234',1,1,'2017-08-02 11:48:12.899270');
INSERT INTO "farmers" VALUES(17,'VP0002','Pauline Moraa Ondieki','',234534,'23435',1,1,'2017-08-02 11:48:44.869332');
INSERT INTO "farmers" VALUES(18,'VP0018','Peria Nyamweya','',2354,'6456',1,1,'2017-08-02 11:49:13.430442');
INSERT INTO "farmers" VALUES(19,'VP0019','Peris  Omwenga',' ',23542,'23545',1,1,'2017-08-02 11:49:45.827098');
INSERT INTO "farmers" VALUES(20,'VR0015','Rael Bosibori','',23578,'576876',1,1,'2017-08-02 11:50:16.331832');
INSERT INTO "farmers" VALUES(21,'VR0021','Regina Kwamboka','',34545,'76565',1,1,'2017-08-02 11:50:41.552149');
INSERT INTO "farmers" VALUES(22,'VR0010','Richardson  Karani Oyugi',' ',45656,'56454',1,1,'2017-08-02 11:51:41.590599');
INSERT INTO "farmers" VALUES(23,'VC0024','Cheruiyot Ngeno ','',234345,'45456',1,1,'2017-08-02 11:52:17.802881');
INSERT INTO "farmers" VALUES(24,'VC0009','Chebusok Dairy Farmers C.S.A','',34656,'675645',1,1,'2017-08-02 11:53:34.798678');
INSERT INTO "farmers" VALUES(25,'VO0006','Olesoi Dairy Farm Limited','',56564,'654654',1,1,'2017-08-02 11:54:09.398408');
INSERT INTO "farmers" VALUES(26,'VS0009','Chesoen Cooling Plant','',656454,'675565',1,1,'2017-08-02 11:54:57.384733');
INSERT INTO "farmers" VALUES(27,'VL0006','LONGISA FARMERS CO-OP SOCIETY LTD.','',34343,'65656',1,1,'2017-08-02 11:56:03.942978');
INSERT INTO "farmers" VALUES(28,'VS0024','SOT DAIRY FARMERS CO-OPERATIVE SOCIETY','',23232,'4343',1,1,'2017-08-02 11:57:18.376136');
INSERT INTO "farmers" VALUES(29,'VS0006','Samuel  Onsarigo',' ',123321,'321123',1,1,'2017-08-02 11:59:05.240838');
INSERT INTO "farmers" VALUES(30,'VS0038','Samuel Ruoti','',987789,'898976',1,1,'2017-08-02 12:00:14.006842');
INSERT INTO "farmers" VALUES(31,'VS0039','Sarah Merimba','',565643,'34256543',1,1,'2017-08-02 12:01:47.675583');
INSERT INTO "farmers" VALUES(32,'VK0003','Kamungei Cooling Plant Co-operative LTD','',23424,'234234',1,1,'2017-08-02 12:08:58.444369');
INSERT INTO "farmers" VALUES(33,'VK0009','Keringet Foods LTD.','',23422,'44344',1,1,'2017-08-02 12:11:35.050806');
INSERT INTO "farmers" VALUES(34,'VS0040','Sarah Nyaboke','',543672,'23415332',1,1,'2017-08-02 12:13:27.714264');
INSERT INTO "farmers" VALUES(35,'VA0005','Affra Cherono Korir','',342444,'2334556',1,1,'2017-08-02 12:13:35.489359');
INSERT INTO "farmers" VALUES(36,'VS0034','SHEM APIEMI',' ',265897,'584214',1,1,'2017-08-02 12:14:31.594484');
INSERT INTO "farmers" VALUES(37,'VK0012','Kipsonoi Multipurpose Cooperative Society ','',655789,'088773',1,1,'2017-08-02 12:14:56.532999');
INSERT INTO "farmers" VALUES(38,'VS0042','Simon Moruri','',676765,'564567',1,1,'2017-08-02 12:15:22.103856');
INSERT INTO "farmers" VALUES(39,'VS0021','SIONGIROI DAIRY PLANT LTD','',7488393,'08776778',1,1,'2017-08-02 12:15:55.328860');
INSERT INTO "farmers" VALUES(40,'VS0043','Susan Mongare Ototo','',9876,'345432',1,1,'2017-08-02 12:16:10.892950');
INSERT INTO "farmers" VALUES(41,'VT0019','Teresa Nyangweso','',76854,'569856',1,1,'2017-08-02 12:17:11.216197');
INSERT INTO "farmers" VALUES(42,'VT0015','Truphena Kwamboka Matara','',45874,'47854',1,1,'2017-08-02 12:19:17.798210');
INSERT INTO "farmers" VALUES(43,'VV0003','Vane Gechemba','',47774,'412136',1,1,'2017-08-02 12:21:02.724190');
INSERT INTO "farmers" VALUES(44,'VC0022','CHEMUSIAN DAIRY FARM','',987267,'071833899',1,1,'2017-08-02 12:21:02.753660');
INSERT INTO "farmers" VALUES(45,'VW0007','WILSON  NYAMWARO','',67857,'209871',1,1,'2017-08-02 12:22:34.916639');
INSERT INTO "farmers" VALUES(46,'VR0008','Richard Mibei','',6633838,'82737899',1,1,'2017-08-02 12:23:32.170904');
INSERT INTO "farmers" VALUES(47,'VW0005','William Mogusu Okeyo','',7658,'07845',1,1,'2017-08-02 12:23:32.221793');
INSERT INTO "farmers" VALUES(48,'VA0024','Abel Maisiba','',569321,'5874',1,1,'2017-08-02 12:32:07.200224');
INSERT INTO "farmers" VALUES(49,'VA0023','Alfred Ayiecha','',4693,'2543',1,1,'2017-08-02 12:33:00.330780');
INSERT INTO "farmers" VALUES(50,'VA0010','Alfred Nyachiro','',234123,'7654123',1,1,'2017-08-02 12:33:48.828484');
INSERT INTO "farmers" VALUES(51,'VA0022','ALFRED NYAMBATI','',34234,'432234',1,1,'2017-08-02 12:34:29.761067');
INSERT INTO "farmers" VALUES(52,'VA0021','Ambrose Onserio Mainga','',45678,'87645',1,1,'2017-08-02 12:35:22.136171');
INSERT INTO "farmers" VALUES(53,'VB0022','Beliah Kemunto','',1298,'8912',1,1,'2017-08-02 12:36:08.626010');
INSERT INTO "farmers" VALUES(54,'VB0025','Benard Makori','',4534,'3454',1,1,'2017-08-02 12:36:54.799349');
INSERT INTO "farmers" VALUES(55,'VB0026','Benard Ongau',' ',43234,'45673',1,1,'2017-08-02 12:42:24.616177');
INSERT INTO "farmers" VALUES(56,'VB0006','Benard Manyumba Magara','',98789,'89789',1,1,'2017-08-02 12:45:05.863490');
INSERT INTO "farmers" VALUES(57,'VB0033','Benard Otiso','',3421,'1232',1,1,'2017-08-02 12:48:17.253581');
INSERT INTO "farmers" VALUES(58,'VB0030','BEATRICE ELIJAH','',4325,'76598',1,1,'2017-08-02 12:49:35.274978');
INSERT INTO "farmers" VALUES(59,'VB0028','Benson Monari','',432123,'321456',1,1,'2017-08-02 12:50:26.109965');
INSERT INTO "farmers" VALUES(60,'VB0027','Betty Isabai','',6987421,'124875',1,1,'2017-08-02 12:51:17.035606');
INSERT INTO "farmers" VALUES(61,'VB0032','Beris Mosinya Omwenga','',55673,'22312',1,1,'2017-08-02 12:52:33.291373');
INSERT INTO "farmers" VALUES(62,'VB0020','Brigit Nyarangi','',785214,'698523',1,1,'2017-08-02 12:53:31.268929');
INSERT INTO "farmers" VALUES(63,'VC0028','CHRISTOPHER ABINCHA','',55687,'447899',1,1,'2017-08-02 12:54:22.872694');
INSERT INTO "farmers" VALUES(64,'VC0029','Charles Gisemba','',88772,'22893',1,1,'2017-08-02 12:55:10.198840');
INSERT INTO "farmers" VALUES(65,'VC0027','Charles Ayoti','',67674,'45345',1,1,'2017-08-02 12:56:19.311810');
INSERT INTO "farmers" VALUES(66,'VE0019','ESTHER N.NYAMWEYA','',4646,'6589',1,1,'2017-08-02 13:02:31.061333');
INSERT INTO "farmers" VALUES(67,'VE0014','Esther Kemunto','',7477,'1244',1,1,'2017-08-02 13:05:30.364266');
INSERT INTO "farmers" VALUES(68,'VE0025','Esther Barongo Nyakundi','',7878,'2585',1,1,'2017-08-02 13:06:21.510297');
INSERT INTO "farmers" VALUES(69,'VE0022','Esther Kerubo Mokua','',8958,'6314',1,1,'2017-08-02 13:07:09.495922');
INSERT INTO "farmers" VALUES(70,'VE0020','Elizabeth Onchuru','',5813,'9831',1,1,'2017-08-02 13:07:53.989681');
INSERT INTO "farmers" VALUES(71,'VE0017','ENOCK ONGAGA','',57441,'68742',1,1,'2017-08-02 13:08:37.692254');
INSERT INTO "farmers" VALUES(72,'VE0012','Evans Omwenga','',6523,'1278',1,1,'2017-08-02 13:09:29.857280');
INSERT INTO "farmers" VALUES(73,'VF0006','Florence Moraa Onkwani','',45876,'85436',1,1,'2017-08-02 13:10:19.216066');
INSERT INTO "farmers" VALUES(74,'VF0008','Fred Kebaso','',48756,'125878',1,1,'2017-08-02 13:11:04.583334');
INSERT INTO "farmers" VALUES(75,'VF0009','Francis Mageto','',92364,'18975',1,1,'2017-08-02 13:11:51.679684');
INSERT INTO "farmers" VALUES(76,'VF0007','FRANCISCA ONCHONG`A','',58213,'95641',1,1,'2017-08-02 13:12:39.700848');
INSERT INTO "farmers" VALUES(77,'VH0010','Hellen Obonyo','',58746,'123687',1,1,'2017-08-02 13:13:28.045682');
INSERT INTO "farmers" VALUES(78,'VJ0003','Jackline  Machoge','',24875,'95324',1,1,'2017-08-02 13:14:17.164482');
INSERT INTO "farmers" VALUES(79,'VJ0014','Jackson  Ogeto','',64215,'78253',1,1,'2017-08-02 13:15:46.764817');
INSERT INTO "farmers" VALUES(80,'VJ0020','JACKSON JUMA','',2875,'6542',1,1,'2017-08-02 13:16:35.975326');
INSERT INTO "farmers" VALUES(81,'VI0001','IMANNIT DAIRY LIMITED','',46487388,'27364377',1,1,'2017-08-02 13:18:24.169376');
INSERT INTO "farmers" VALUES(82,'VJ0030','James Mosongi','',73684,'15896',1,1,'2017-08-02 13:18:24.223231');
INSERT INTO "farmers" VALUES(83,'VO0007','Jane Moraa','',1864,'7018',1,1,'2017-08-02 13:19:11.632550');
INSERT INTO "farmers" VALUES(84,'VN0011','Nolkiseyia Ene Koya','',6838399,'2363782',1,1,'2017-08-02 13:20:07.822369');
INSERT INTO "farmers" VALUES(85,'VJ0019','JARED OBARE','',81230,'51236',1,1,'2017-08-02 13:20:07.852165');
INSERT INTO "farmers" VALUES(86,'VJ0017','Japhet Ndubi obiero','',75212,'2345',1,1,'2017-08-02 13:21:54.476911');
INSERT INTO "farmers" VALUES(87,'VR0020','RONGO DAIRY FARM','',73678388,'1626377227',1,1,'2017-08-02 13:22:46.579193');
INSERT INTO "farmers" VALUES(88,'VJ0021','JEREMIAH NYAMARI','',1279,'3587',1,1,'2017-08-02 13:22:46.633572');
INSERT INTO "farmers" VALUES(89,'VJ0023','JERUSHA Kwamboka ','',1496,'5730',1,1,'2017-08-02 13:23:38.333310');
INSERT INTO "farmers" VALUES(90,'VJ0025','Joseph Ngoge Tai','',2046,'5179',1,1,'2017-08-02 13:24:24.653834');
INSERT INTO "farmers" VALUES(91,'VJ0031','Johnson Nyangeri','',48123,'7932',1,1,'2017-08-02 13:25:14.197971');
INSERT INTO "farmers" VALUES(92,'VJ0009','Joseph Nyabaga Ondieki','',9123,'51378',1,1,'2017-08-02 13:26:05.664025');
INSERT INTO "farmers" VALUES(93,'VJ0015','Joyce Mweruti','',57893,'75210',1,1,'2017-08-02 13:26:53.065711');
INSERT INTO "farmers" VALUES(94,'VJ0007','Josephine Kwamboka Mogire',' ',85103,'51203',1,1,'2017-08-02 13:27:42.727119');
INSERT INTO "farmers" VALUES(95,'VB0019','Borabu Dairy Farmers Assocoation','',50213,'854213',1,1,'2017-08-02 13:28:39.687892');
INSERT INTO "farmers" VALUES(96,'VJ0010','Joshua Bett','',7225927,'018289999',1,1,'2017-08-02 13:29:22.570680');
INSERT INTO "farmers" VALUES(97,'VM0027','Mamboleo Gesusu Co-operative society','',58745,'65213',1,1,'2017-08-02 13:35:06.991646');
INSERT INTO "farmers" VALUES(98,'VC0002','Camy Enterprises LTD','',77526777,'0721646833',1,1,'2017-08-02 13:35:08.244783');
INSERT INTO "farmers" VALUES(99,'VI0005','isaka Kombo Ariga','',345456,'346556',1,1,'2017-08-03 10:03:16.918723');
INSERT INTO "farmers" VALUES(100,'VE0027','Emily Kamau','',34527,'2345456',1,1,'2017-08-03 10:04:37.135921');
INSERT INTO "farmers" VALUES(101,'VM0025','Mosota Makori','',4545,'34545',1,1,'2017-08-03 10:20:34.684698');
INSERT INTO "farmers" VALUES(102,'VJ0016','Joseph Tai','',456567,'565343',1,1,'2017-08-03 10:22:26.529876');
INSERT INTO "farmers" VALUES(103,'VW0010','Wilson Nyamwaro','',3454567,'4536576',1,1,'2017-08-03 10:26:53.709601');
INSERT INTO "farmers" VALUES(104,'VS0049','Samuel Makori Mauti','',45676,'676878',1,1,'2017-08-03 10:57:51.344019');
INSERT INTO "farmers" VALUES(105,'VJ0033','James Mecha Sotel','',56764,'67854',1,1,'2017-08-03 10:59:37.148816');
INSERT INTO "farmers" VALUES(106,'VI0004','Illaramatak Group-Kilgoris','',12458,'95624',1,1,'2017-08-03 16:20:35.643274');
INSERT INTO "farmers" VALUES(107,'VM0005','Mathew Mutai','',56874,'147956',1,1,'2017-08-03 16:22:07.911866');
INSERT INTO "farmers" VALUES(108,'VM0015','Moo Dairies','',324567,'6987545',1,1,'2017-08-03 16:24:24.306816');
INSERT INTO "farmers" VALUES(109,'VP0012','Ann Chepngetich','',98754,'4576788',1,1,'2017-08-03 16:26:11.116041');
INSERT INTO "farmers" VALUES(110,'VB0001','Balek Central Cooperative Dairy','',9876,'45752',1,1,'2017-08-03 16:29:59.498623');
INSERT INTO "farmers" VALUES(111,'VP0003','Paul Kipketer Cheruiyot','',4885,'3651',1,1,'2017-08-03 16:37:01.533974');
INSERT INTO "farmers" VALUES(112,'VG0013','Gideon Chirchir','',4587696,'897555',1,1,'2017-08-03 16:39:50.776467');
INSERT INTO "farmers" VALUES(113,'VA0025','Antonina Moraa','',65897,'25489',1,1,'2017-08-03 17:06:29.900713');
INSERT INTO "farmers" VALUES(114,'VA0020','Ascar Machuka','',89456,'32546',1,1,'2017-08-03 17:07:12.034893');
INSERT INTO "farmers" VALUES(115,'VA0026','Aska Michieka','',587624,'8974512',1,1,'2017-08-03 17:07:57.745006');
INSERT INTO "farmers" VALUES(116,'VA0029','Augustine Byegon','Augustine Byegon',58722,'24875',1,1,'2017-08-03 17:08:43.466416');
INSERT INTO "farmers" VALUES(117,'VC0034','Caren Rodi','Caren Rodi',21548,'85521',1,1,'2017-08-03 17:14:24.555209');
INSERT INTO "farmers" VALUES(118,'VC0033','Ceremencia Onyonka','Ceremencia Onyonka',487512,'6854',1,1,'2017-08-03 17:15:52.613178');
INSERT INTO "farmers" VALUES(119,'VD0014','Daniel Rasungu Momannyi','Daniel Rasungu Momannyi',45875,'63598',1,1,'2017-08-03 17:18:22.249746');
INSERT INTO "farmers" VALUES(120,'VD0015','Domic Omao','Domic Omao',4530,'7855',1,1,'2017-08-03 17:19:08.552333');
INSERT INTO "farmers" VALUES(121,'VE0028','Erick Mong''are','Erick Mong''are',48532,'4577863',1,1,'2017-08-03 17:22:17.291748');
INSERT INTO "farmers" VALUES(122,'VE0026','Esther Kwamboka','Esther Kwamboka',8976,'6554',1,1,'2017-08-03 17:23:41.952011');
INSERT INTO "farmers" VALUES(123,'VF0010','Francis Mochama Gichana','Francis Mochama Gichana',876578,'9874',1,1,'2017-08-03 17:25:32.679447');
INSERT INTO "farmers" VALUES(124,'VG0015','George Ondieki','George Ondieki',98765,'45677',1,1,'2017-08-03 17:29:34.434163');
INSERT INTO "farmers" VALUES(125,'VH0015','Haron Obore Chuma','Haron Obore Chuma',98765,'5466',1,1,'2017-08-03 17:30:24.203041');
INSERT INTO "farmers" VALUES(126,'VH0014','Hellen Kwamboka','Hellen Kwamboka',765433,'45322',1,1,'2017-08-03 17:30:58.819157');
INSERT INTO "farmers" VALUES(127,'VH0013','HELLEN ONTARIGE','HELLEN ONTARIGE',67544,'5467788',1,1,'2017-08-03 17:31:29.792759');
INSERT INTO "farmers" VALUES(128,'VJ0038','James Maera','James Maera',435256,'65433',1,1,'2017-08-03 17:33:27.038724');
INSERT INTO "farmers" VALUES(129,'VJ0035','Jane Simon','Jane Simon',7654332,'65789',1,1,'2017-08-03 17:36:33.377223');
INSERT INTO "farmers" VALUES(130,'VJ0034','Job Rondi','Job Rondi',5874556,'6878556',1,1,'2017-08-03 17:40:51.883560');
INSERT INTO "farmers" VALUES(131,'VJ0036','Juliana Machini','Juliana Machini',4322114,'6543287',1,1,'2017-08-03 17:42:35.310335');
INSERT INTO "farmers" VALUES(132,'CO0001','Coletah Nyarilla Sabina','q',56567,'7689565',1,1,'2017-08-03 17:43:25.946981');
INSERT INTO "farmers" VALUES(133,'VM0038','Mary Anchinga','Mary Anchinga',12548,'13646',1,1,'2017-08-03 17:44:37.477167');
INSERT INTO "farmers" VALUES(134,'VE0001','Edwin Migiro Orwaru','c',787,'98676',1,1,'2017-08-03 17:45:36.580890');
INSERT INTO "farmers" VALUES(135,'VE0023','Erastus Makori','Erastus Makori',56743,'56576',1,1,'2017-08-03 17:46:46.788337');
INSERT INTO "farmers" VALUES(136,'VJ0040','James Araka','j',4454,'4542',1,1,'2017-08-03 17:50:21.505264');
INSERT INTO "farmers" VALUES(137,'VP0023','Peterson Maonga','P',45545,'45454',1,1,'2017-08-03 18:04:50.706784');
INSERT INTO "farmers" VALUES(138,'VP0024','Peter Nchore','d',75676,'56754',1,1,'2017-08-03 18:06:55.408191');
INSERT INTO "farmers" VALUES(139,'VS0050','Samuel Mayega','w',56765756,'56756868',1,1,'2017-08-03 18:11:32.357199');
INSERT INTO "farmers" VALUES(140,'VT0020','thomas nyamorata','t',456654,'764564',1,1,'2017-08-03 18:15:19.612131');
INSERT INTO "farmers" VALUES(141,'VV0006','Vane Omoke','w',56745645,'74574577',1,1,'2017-08-03 18:16:47.839483');
INSERT INTO "farmers" VALUES(142,'VV0005','Verah Nyanchama','c',5676856,'678768',1,1,'2017-08-03 18:17:33.718739');
INSERT INTO "farmers" VALUES(143,'VV0008','Veronica Omweri','q',6796796,'6789676',1,1,'2017-08-03 18:26:19.188274');
INSERT INTO "farmers" VALUES(144,'VV0009','Veronicah Kerubo  okemwa ','e',56767,'78565',1,1,'2017-08-03 18:28:19.221174');
INSERT INTO "farmers" VALUES(145,'VA0027','Ambrose Mainge Onserio','a',5675675,'5688687',1,1,'2017-08-03 18:30:45.970482');
INSERT INTO "farmers" VALUES(146,'VA0028','Anne Chepngetich','A',54654645,'457547',1,1,'2017-08-03 18:32:06.896040');
INSERT INTO "farmers" VALUES(147,'VJ0041','James Manani','k',233545,'3464656',1,1,'2017-08-03 19:03:06.161200');
INSERT INTO "farmers" VALUES(148,'VJ0037','Josphine Mwango Ombworo','3',56756756,'56765767',1,1,'2017-08-03 19:12:48.789454');
INSERT INTO "farmers" VALUES(149,'VM0026','Moraa Ongaro','e',234355,'3456',1,1,'2017-08-03 19:16:35.569705');
INSERT INTO "farmers" VALUES(150,'VN0015','naom moraa','d',56765756,'56765865',1,1,'2017-08-03 19:19:21.315829');
INSERT INTO "farmers" VALUES(151,'VK0021','Kefa Getare','f',345354,'45646',1,1,'2017-08-04 11:47:58.801354');
INSERT INTO "farmers" VALUES(152,'tEST','test','test',1234567,'12234576',3,1,'2017-08-04 18:28:36.196683');
CREATE TABLE contracts (
	id SERIAL NOT NULL, 
	farmer_id INTEGER, 
	produce_id INTEGER, 
	contract_no VARCHAR(20), 
	payment_term VARCHAR(20), 
	user_id INTEGER, 
	factory_id INTEGER, 
	valid_from TIMESTAMP, 
	valid_to TIMESTAMP, 
	draft_date TIMESTAMP, 
	price FLOAT NOT NULL, 
	active BOOLEAN, 
	PRIMARY KEY (id), 
	FOREIGN KEY(farmer_id) REFERENCES farmers (id), 
	FOREIGN KEY(produce_id) REFERENCES produce (id), 
	FOREIGN KEY(user_id) REFERENCES users (id), 
	FOREIGN KEY(factory_id) REFERENCES factories (id), 
	CHECK (active IN ('0', '1'))
);
INSERT INTO "contracts" VALUES(1,54,1,'VB0025','MN',NULL,1,'2017-08-02 14:22:54.611197',NULL,'2017-08-02 14:22:54.611256',36.0,'1');
INSERT INTO "contracts" VALUES(2,1,1,'VW0006','WK',NULL,1,'2017-08-02 18:45:25.577619',NULL,'2017-08-02 18:45:25.577676',36.0,'1');
INSERT INTO "contracts" VALUES(3,2,1,'VJ0024','WK',NULL,1,'2017-08-02 18:46:24.536439',NULL,'2017-08-02 18:46:24.536489',36.0,'1');
INSERT INTO "contracts" VALUES(4,3,1,'VK0018','WK',NULL,1,'2017-08-02 18:46:54.984412',NULL,'2017-08-02 18:46:54.984464',36.0,'1');
INSERT INTO "contracts" VALUES(5,4,1,'VK0019','WK',NULL,1,'2017-08-02 18:47:33.518281',NULL,'2017-08-02 18:47:33.518331',36.0,'1');
INSERT INTO "contracts" VALUES(6,5,1,'VL0009','WK',NULL,1,'2017-08-02 18:48:19.214889',NULL,'2017-08-02 18:48:19.214936',36.0,'1');
INSERT INTO "contracts" VALUES(7,6,1,'VL0008','WK',NULL,1,'2017-08-02 18:49:43.781784',NULL,'2017-08-02 18:49:43.781835',36.0,'1');
INSERT INTO "contracts" VALUES(8,7,1,'VM0029','WK',NULL,1,'2017-08-02 18:50:58.811914',NULL,'2017-08-02 18:50:58.811966',36.0,'1');
INSERT INTO "contracts" VALUES(9,8,1,'VM0030','WK',NULL,1,'2017-08-02 18:51:51.265950',NULL,'2017-08-02 18:51:51.266000',36.0,'1');
INSERT INTO "contracts" VALUES(10,9,1,'VM0028','WK',NULL,1,'2017-08-02 18:52:41.302716',NULL,'2017-08-02 18:52:41.302766',35.0,'1');
INSERT INTO "contracts" VALUES(11,10,1,'VM0024','WK',NULL,1,'2017-08-02 18:53:02.075018',NULL,'2017-08-02 18:53:02.075068',35.0,'1');
INSERT INTO "contracts" VALUES(12,11,1,'VH0011','WK',NULL,1,'2017-08-02 18:53:57.277234',NULL,'2017-08-02 18:53:57.277285',36.0,'1');
INSERT INTO "contracts" VALUES(13,13,1,'VN0009','WK',NULL,1,'2017-08-02 18:54:25.965974',NULL,'2017-08-02 18:54:25.966035',36.0,'1');
INSERT INTO "contracts" VALUES(14,14,1,'VD0013','WK',NULL,1,'2017-08-02 18:54:59.499569',NULL,'2017-08-02 18:54:59.499619',35.0,'1');
INSERT INTO "contracts" VALUES(15,15,1,'VJ0022','WK',NULL,1,'2017-08-02 18:55:39.980141',NULL,'2017-08-02 18:55:39.980191',36.0,'1');
INSERT INTO "contracts" VALUES(16,16,1,'VO0015','WK',NULL,1,'2017-08-02 18:56:09.947664',NULL,'2017-08-02 18:56:09.947715',35.0,'1');
INSERT INTO "contracts" VALUES(17,17,1,'VP0002','WK',NULL,1,'2017-08-02 18:56:32.339195',NULL,'2017-08-02 18:56:32.339245',36.0,'1');
INSERT INTO "contracts" VALUES(18,18,1,'VP0018','WK',NULL,1,'2017-08-02 18:57:26.937430',NULL,'2017-08-02 18:57:26.937481',36.0,'1');
INSERT INTO "contracts" VALUES(19,19,1,'VP0019','WK',NULL,1,'2017-08-02 18:58:07.567033',NULL,'2017-08-02 18:58:07.567083',36.0,'1');
INSERT INTO "contracts" VALUES(20,29,1,'VS0006','WK',NULL,1,'2017-08-02 18:58:38.116814',NULL,'2017-08-02 18:58:38.116863',35.0,'1');
INSERT INTO "contracts" VALUES(21,38,1,'VS0042','WK',NULL,1,'2017-08-02 19:00:02.835165',NULL,'2017-08-02 19:00:02.835217',35.0,'1');
INSERT INTO "contracts" VALUES(22,40,1,'VS0043','WK',NULL,1,'2017-08-02 19:00:57.931777',NULL,'2017-08-02 19:00:57.931827',36.0,'1');
INSERT INTO "contracts" VALUES(23,20,1,'VR0015','WK',NULL,1,'2017-08-02 19:01:29.247014',NULL,'2017-08-02 19:01:29.247064',35.0,'1');
INSERT INTO "contracts" VALUES(24,41,1,'VT0019','WK',NULL,1,'2017-08-02 19:01:54.015586',NULL,'2017-08-02 19:01:54.015639',36.0,'1');
INSERT INTO "contracts" VALUES(25,21,1,'VR0021','WK',NULL,1,'2017-08-02 19:02:32.379988',NULL,'2017-08-02 19:02:32.380038',36.0,'1');
INSERT INTO "contracts" VALUES(26,30,1,'VS0038','WK',NULL,1,'2017-08-02 19:03:17.215162',NULL,'2017-08-02 19:03:17.215211',36.0,'1');
INSERT INTO "contracts" VALUES(27,48,1,'VA0024','WK',NULL,1,'2017-08-02 19:03:47.101351',NULL,'2017-08-02 19:03:47.101402',36.0,'1');
INSERT INTO "contracts" VALUES(28,22,1,'VR0010','WK',NULL,1,'2017-08-02 19:04:35.125270',NULL,'2017-08-02 19:04:35.125322',36.0,'1');
INSERT INTO "contracts" VALUES(29,23,1,'VC0024','WK',NULL,1,'2017-08-02 19:05:01.473287',NULL,'2017-08-02 19:05:01.473316',36.0,'1');
INSERT INTO "contracts" VALUES(30,24,1,'VC0009','WK',NULL,1,'2017-08-02 19:06:49.759997',NULL,'2017-08-02 19:06:49.760049',42.0,'1');
INSERT INTO "contracts" VALUES(31,42,1,'VT0015','WK',NULL,1,'2017-08-02 19:07:32.955905',NULL,'2017-08-02 19:07:32.955956',36.0,'1');
INSERT INTO "contracts" VALUES(32,43,1,'VV0003','WK',NULL,1,'2017-08-02 19:08:10.350845',NULL,'2017-08-02 19:08:10.350888',36.0,'1');
INSERT INTO "contracts" VALUES(33,44,1,'VC0022','WK',NULL,1,'2017-08-02 19:08:53.936433',NULL,'2017-08-02 19:08:53.936485',36.0,'1');
INSERT INTO "contracts" VALUES(34,45,1,'VW0007','WK',NULL,1,'2017-08-02 19:09:21.518304',NULL,'2017-08-02 19:09:21.518366',36.0,'1');
INSERT INTO "contracts" VALUES(35,46,1,'VR0008','WK',NULL,1,'2017-08-02 19:09:59.280250',NULL,'2017-08-02 19:09:59.280301',36.0,'1');
INSERT INTO "contracts" VALUES(36,47,1,'VW0005','WK',NULL,1,'2017-08-02 19:10:23.698222',NULL,'2017-08-02 19:10:23.698272',36.0,'1');
INSERT INTO "contracts" VALUES(37,103,1,'VW0010','MN',NULL,1,'2017-08-03 10:58:16.948241',NULL,'2017-08-03 10:58:16.948293',36.0,'1');
INSERT INTO "contracts" VALUES(38,104,1,'VS0049','MN',NULL,1,'2017-08-03 10:59:10.399826',NULL,'2017-08-03 10:59:10.399878',36.0,'1');
INSERT INTO "contracts" VALUES(39,102,1,'VJ0016','MN',NULL,1,'2017-08-03 10:59:44.416274',NULL,'2017-08-03 10:59:44.416326',36.0,'1');
INSERT INTO "contracts" VALUES(40,53,1,'VB0022','MN',NULL,1,'2017-08-03 11:36:30.072350',NULL,'2017-08-03 11:36:30.072408',36.0,'1');
INSERT INTO "contracts" VALUES(41,77,1,'VH0010','MN',NULL,1,'2017-08-03 11:38:26.056005',NULL,'2017-08-03 11:38:26.056049',36.0,'1');
INSERT INTO "contracts" VALUES(42,12,1,'VN0012','MN',NULL,1,'2017-08-03 11:49:35.359364',NULL,'2017-08-03 11:49:35.359415',36.0,'1');
INSERT INTO "contracts" VALUES(43,25,1,'VO0006','MN',NULL,1,'2017-08-03 12:00:57.714839',NULL,'2017-08-03 12:00:57.714889',50.0,'1');
INSERT INTO "contracts" VALUES(44,26,1,'VS0009','MN',NULL,1,'2017-08-03 12:01:40.954140',NULL,'2017-08-03 12:01:40.954193',42.0,'1');
INSERT INTO "contracts" VALUES(45,27,1,'VL0006','WK',NULL,1,'2017-08-03 12:02:45.042988',NULL,'2017-08-03 12:02:45.043043',42.0,'1');
INSERT INTO "contracts" VALUES(46,28,1,'VS0024','WK',NULL,1,'2017-08-03 12:03:46.217064',NULL,'2017-08-03 12:03:46.217116',42.0,'1');
INSERT INTO "contracts" VALUES(47,31,1,'VS0039','MN',NULL,1,'2017-08-03 12:05:18.548379',NULL,'2017-08-03 12:05:18.548430',36.0,'1');
INSERT INTO "contracts" VALUES(48,32,1,'VK0003','WK',NULL,1,'2017-08-03 12:06:16.727168',NULL,'2017-08-03 12:06:16.727220',42.0,'1');
INSERT INTO "contracts" VALUES(49,33,1,'VK0009','WK',NULL,1,'2017-08-03 12:06:54.903258',NULL,'2017-08-03 12:06:54.903308',42.0,'1');
INSERT INTO "contracts" VALUES(50,34,1,'VS0040','WK',NULL,1,'2017-08-03 12:07:28.685040',NULL,'2017-08-03 12:07:28.685092',36.0,'1');
INSERT INTO "contracts" VALUES(51,35,1,'VA0005','WK',NULL,1,'2017-08-03 12:08:27.871180',NULL,'2017-08-03 12:08:27.871232',43.2,'1');
INSERT INTO "contracts" VALUES(52,36,1,'VS0034','MN',NULL,1,'2017-08-03 12:09:09.008750',NULL,'2017-08-03 12:09:09.008803',36.0,'1');
INSERT INTO "contracts" VALUES(53,37,1,'VK0012','WK',NULL,1,'2017-08-03 12:09:43.207545',NULL,'2017-08-03 12:09:43.207599',43.5,'1');
INSERT INTO "contracts" VALUES(54,39,1,'VS0021','WK',NULL,1,'2017-08-03 12:10:53.105939',NULL,'2017-08-03 12:10:53.105991',44.5,'1');
INSERT INTO "contracts" VALUES(55,49,1,'VA0023','MN',NULL,1,'2017-08-03 12:12:50.188994',NULL,'2017-08-03 12:12:50.189044',36.0,'1');
INSERT INTO "contracts" VALUES(56,50,1,'VA0010','MN',NULL,1,'2017-08-03 12:13:26.756133',NULL,'2017-08-03 12:13:26.756185',36.0,'1');
INSERT INTO "contracts" VALUES(57,51,1,'VA0022','MN',NULL,1,'2017-08-03 14:41:30.335748',NULL,'2017-08-03 14:41:30.335806',36.0,'1');
INSERT INTO "contracts" VALUES(58,52,1,'VA0021','MN',NULL,1,'2017-08-03 14:42:51.543411',NULL,'2017-08-03 14:42:51.543463',36.0,'1');
INSERT INTO "contracts" VALUES(59,55,1,'VB0026','MN',NULL,1,'2017-08-03 14:43:39.025653',NULL,'2017-08-03 14:43:39.025705',36.0,'1');
INSERT INTO "contracts" VALUES(60,56,1,'VB0006','MN',NULL,1,'2017-08-03 14:46:40.798967',NULL,'2017-08-03 14:46:40.799020',36.0,'1');
INSERT INTO "contracts" VALUES(61,57,1,'VB0033','MN',NULL,1,'2017-08-03 14:47:43.172201',NULL,'2017-08-03 14:47:43.172252',36.0,'1');
INSERT INTO "contracts" VALUES(62,58,1,'VB0030','MN',NULL,1,'2017-08-03 14:48:18.902199',NULL,'2017-08-03 14:48:18.902254',36.0,'1');
INSERT INTO "contracts" VALUES(63,59,1,'VB0028','MN',NULL,1,'2017-08-03 14:50:45.664436',NULL,'2017-08-03 14:50:45.664463',36.0,'1');
INSERT INTO "contracts" VALUES(64,60,1,'VB0027','MN',NULL,1,'2017-08-03 14:51:47.846242',NULL,'2017-08-03 14:51:47.846293',36.0,'1');
INSERT INTO "contracts" VALUES(65,61,1,'VB0032','MN',NULL,1,'2017-08-03 14:52:26.223772',NULL,'2017-08-03 14:52:26.223823',36.0,'1');
INSERT INTO "contracts" VALUES(66,62,1,'VB0020','MN',NULL,1,'2017-08-03 14:53:09.778967',NULL,'2017-08-03 14:53:09.779020',36.0,'1');
INSERT INTO "contracts" VALUES(67,63,1,'VC0028','MN',NULL,1,'2017-08-03 14:53:43.803920',NULL,'2017-08-03 14:53:43.803971',36.0,'1');
INSERT INTO "contracts" VALUES(68,64,1,'VC0029','MN',NULL,1,'2017-08-03 14:54:16.108062',NULL,'2017-08-03 14:54:16.108114',36.0,'1');
INSERT INTO "contracts" VALUES(69,105,1,'VJ0033','MN',NULL,1,'2017-08-03 14:54:52.043628',NULL,'2017-08-03 14:54:52.043680',36.0,'1');
INSERT INTO "contracts" VALUES(70,100,1,'VE0027','MN',NULL,1,'2017-08-03 14:55:42.766446',NULL,'2017-08-03 14:55:42.766478',36.0,'1');
INSERT INTO "contracts" VALUES(71,99,1,'VI0005','MN',NULL,1,'2017-08-03 14:56:12.933319',NULL,'2017-08-03 14:56:12.933371',36.0,'1');
INSERT INTO "contracts" VALUES(72,98,1,'VC0002','MN',NULL,1,'2017-08-03 14:56:39.387622',NULL,'2017-08-03 14:56:39.387675',36.0,'1');
INSERT INTO "contracts" VALUES(73,97,1,'VM0027','MN',NULL,1,'2017-08-03 14:58:16.448751',NULL,'2017-08-03 14:58:16.448803',40.0,'1');
INSERT INTO "contracts" VALUES(74,96,1,'VJ0010','WK',NULL,1,'2017-08-03 15:00:22.822350',NULL,'2017-08-03 15:00:22.822402',41.0,'1');
INSERT INTO "contracts" VALUES(75,95,1,'VB0019','MN',NULL,1,'2017-08-03 15:01:31.741859',NULL,'2017-08-03 15:01:31.741912',39.3,'1');
INSERT INTO "contracts" VALUES(76,94,1,'VJ0007','MN',NULL,1,'2017-08-03 15:02:42.451534',NULL,'2017-08-03 15:02:42.451585',36.0,'1');
INSERT INTO "contracts" VALUES(77,93,1,'VJ0015','MN',NULL,1,'2017-08-03 15:03:32.140194',NULL,'2017-08-03 15:03:32.140247',36.0,'1');
INSERT INTO "contracts" VALUES(78,92,1,'VJ0009','MN',NULL,1,'2017-08-03 15:04:07.987088',NULL,'2017-08-03 15:04:07.987140',36.0,'1');
INSERT INTO "contracts" VALUES(79,91,1,'VJ0031','MN',NULL,1,'2017-08-03 15:04:49.060851',NULL,'2017-08-03 15:04:49.060900',36.0,'1');
INSERT INTO "contracts" VALUES(80,90,1,'VJ0025','WK',NULL,1,'2017-08-03 15:05:15.263345',NULL,'2017-08-03 15:05:15.263396',36.0,'1');
INSERT INTO "contracts" VALUES(81,89,1,'VJ0023','MN',NULL,1,'2017-08-03 15:07:21.608725',NULL,'2017-08-03 15:07:21.608777',36.0,'1');
INSERT INTO "contracts" VALUES(82,79,1,'VJ0014','MN',NULL,1,'2017-08-03 15:08:07.319879',NULL,'2017-08-03 15:08:07.319928',36.0,'1');
INSERT INTO "contracts" VALUES(83,78,1,'VJ0003','MN',NULL,1,'2017-08-03 15:08:54.717212',NULL,'2017-08-03 15:08:54.717265',36.0,'1');
INSERT INTO "contracts" VALUES(84,88,1,'VJ0021','MN',NULL,1,'2017-08-03 15:09:37.286957',NULL,'2017-08-03 15:09:37.287009',36.0,'1');
INSERT INTO "contracts" VALUES(85,87,1,'VR0020','WK',NULL,1,'2017-08-03 15:11:18.500644',NULL,'2017-08-03 15:11:18.500696',42.3,'1');
INSERT INTO "contracts" VALUES(86,86,1,'VJ0017','MN',NULL,1,'2017-08-03 15:11:52.897305',NULL,'2017-08-03 15:11:52.897356',36.0,'1');
INSERT INTO "contracts" VALUES(87,85,1,'VJ0019','MN',NULL,1,'2017-08-03 15:12:35.416919',NULL,'2017-08-03 15:12:35.416956',36.0,'1');
INSERT INTO "contracts" VALUES(88,84,1,'VN0011','MN',NULL,1,'2017-08-03 15:13:14.780077',NULL,'2017-08-03 15:13:14.780129',36.0,'1');
INSERT INTO "contracts" VALUES(89,83,1,'VO0007','WK',NULL,1,'2017-08-03 15:15:02.181324',NULL,'2017-08-03 15:15:02.181386',36.0,'1');
INSERT INTO "contracts" VALUES(90,82,1,'VJ0030','MN',NULL,1,'2017-08-03 15:15:50.359310',NULL,'2017-08-03 15:15:50.359359',36.0,'1');
INSERT INTO "contracts" VALUES(91,81,1,'VI0001','WK',NULL,1,'2017-08-03 15:16:38.221573',NULL,'2017-08-03 15:16:38.221625',43.0,'1');
INSERT INTO "contracts" VALUES(92,80,1,'VJ0020','MN',NULL,1,'2017-08-03 16:03:48.269282',NULL,'2017-08-03 16:03:48.269334',36.0,'1');
INSERT INTO "contracts" VALUES(93,76,1,'VF0007','MN',NULL,1,'2017-08-03 16:08:44.143667',NULL,'2017-08-03 16:08:44.143719',36.0,'1');
INSERT INTO "contracts" VALUES(94,75,1,'VF0009','WK',NULL,1,'2017-08-03 16:09:24.190607',NULL,'2017-08-03 16:09:24.190659',36.0,'1');
INSERT INTO "contracts" VALUES(95,74,1,'VF0008','WK',NULL,1,'2017-08-03 16:10:43.512547',NULL,'2017-08-03 16:10:43.512578',36.0,'1');
INSERT INTO "contracts" VALUES(96,73,1,'VF0006','MN',NULL,1,'2017-08-03 16:11:39.763820',NULL,'2017-08-03 16:11:39.763871',36.0,'1');
INSERT INTO "contracts" VALUES(97,72,1,'VE0012','MN',NULL,1,'2017-08-03 16:12:14.076633',NULL,'2017-08-03 16:12:14.076683',38.0,'1');
INSERT INTO "contracts" VALUES(98,71,1,'VE0017','MN',NULL,1,'2017-08-03 16:12:55.721324',NULL,'2017-08-03 16:12:55.721376',36.0,'1');
INSERT INTO "contracts" VALUES(99,70,1,'VE0020','MN',NULL,1,'2017-08-03 16:13:28.364997',NULL,'2017-08-03 16:13:28.365048',36.0,'1');
INSERT INTO "contracts" VALUES(100,69,1,'VE0022','MN',NULL,1,'2017-08-03 16:14:08.322604',NULL,'2017-08-03 16:14:08.322656',36.0,'1');
INSERT INTO "contracts" VALUES(101,68,1,'VE0025','MN',NULL,1,'2017-08-03 16:14:57.312375',NULL,'2017-08-03 16:14:57.312426',36.0,'1');
INSERT INTO "contracts" VALUES(102,67,1,'VE0014','MN',NULL,1,'2017-08-03 16:15:49.416067',NULL,'2017-08-03 16:15:49.416098',36.0,'1');
INSERT INTO "contracts" VALUES(103,66,1,'VE0019','MN',NULL,1,'2017-08-03 16:16:33.389397',NULL,'2017-08-03 16:16:33.389453',36.0,'1');
INSERT INTO "contracts" VALUES(104,65,1,'VC0027','MN',NULL,1,'2017-08-03 16:17:49.753700',NULL,'2017-08-03 16:17:49.753753',36.0,'1');
INSERT INTO "contracts" VALUES(105,106,1,'VI0004','WK',NULL,1,'2017-08-03 16:21:07.072254',NULL,'2017-08-03 16:21:07.072305',42.0,'1');
INSERT INTO "contracts" VALUES(106,107,1,'VM0005','WK',NULL,1,'2017-08-03 16:22:41.154324',NULL,'2017-08-03 16:22:41.154375',41.0,'1');
INSERT INTO "contracts" VALUES(107,108,1,'VM0015','WK',NULL,1,'2017-08-03 16:25:02.295892',NULL,'2017-08-03 16:25:02.295949',42.0,'1');
INSERT INTO "contracts" VALUES(108,109,1,'VP0012','WK',NULL,1,'2017-08-03 16:27:22.599317',NULL,'2017-08-03 16:27:22.599369',41.0,'1');
INSERT INTO "contracts" VALUES(109,110,1,'VB0001','WK',NULL,1,'2017-08-03 16:30:30.506439',NULL,'2017-08-03 16:30:30.506490',41.0,'1');
INSERT INTO "contracts" VALUES(110,101,1,'VM0025','WK',NULL,1,'2017-08-03 16:32:29.048953',NULL,'2017-08-03 16:32:29.049005',36.0,'1');
INSERT INTO "contracts" VALUES(111,111,1,'VP0003','WK',NULL,1,'2017-08-03 16:38:33.312597',NULL,'2017-08-03 16:38:33.312650',42.0,'1');
INSERT INTO "contracts" VALUES(112,112,1,'VG0013','WK',NULL,1,'2017-08-03 16:42:26.480472',NULL,'2017-08-03 16:42:26.480562',42.0,'1');
INSERT INTO "contracts" VALUES(113,114,1,'VA0020','MN',NULL,1,'2017-08-03 17:10:08.686327',NULL,'2017-08-03 17:10:08.686378',36.0,'1');
INSERT INTO "contracts" VALUES(114,113,1,'VA0025','MN',NULL,1,'2017-08-03 17:10:41.142403',NULL,'2017-08-03 17:10:41.142437',36.0,'1');
CREATE TABLE collections (
	id SERIAL NOT NULL, 
	device_imei VARCHAR(50), 
	transfer_code VARCHAR(50), 
	receipt_no VARCHAR(50), 
	user_id INTEGER, 
	centre_id INTEGER, 
	farmer_id INTEGER, 
	produce_id INTEGER, 
	trip_id INTEGER, 
	produce_weight FLOAT, 
	collection_date TIMESTAMP, 
	draft_date TIMESTAMP, 
	PRIMARY KEY (id), 
	FOREIGN KEY(user_id) REFERENCES app_users (id), 
	FOREIGN KEY(centre_id) REFERENCES collection_centres (id), 
	FOREIGN KEY(farmer_id) REFERENCES farmers (id), 
	FOREIGN KEY(produce_id) REFERENCES produce (id), 
	FOREIGN KEY(trip_id) REFERENCES trips (id)
);
INSERT INTO "collections" VALUES(1,'355212086608462',NULL,'2040000001',11,1,2,1,4,3.7,'2017-08-02 16:28:00.000000','2017-08-02 17:45:37.881020');
INSERT INTO "collections" VALUES(2,'355212086608462',NULL,'2040000002',11,1,50,1,4,4.9,'2017-08-02 16:30:00.000000','2017-08-02 17:45:38.170380');
INSERT INTO "collections" VALUES(3,'355212086608462',NULL,'2040000003',11,1,52,1,4,9.5,'2017-08-02 16:32:00.000000','2017-08-02 17:45:38.476205');
INSERT INTO "collections" VALUES(4,'355212086608462',NULL,'2040000004',11,1,12,1,4,8.6,'2017-08-02 16:35:00.000000','2017-08-02 17:45:38.658772');
INSERT INTO "collections" VALUES(5,'355212086608462',NULL,'2040000005',11,1,9,1,4,3.9,'2017-08-02 16:36:00.000000','2017-08-02 17:45:39.217652');
INSERT INTO "collections" VALUES(6,'355212086608462',NULL,'2040000006',11,1,22,1,4,8.7,'2017-08-02 16:41:00.000000','2017-08-02 17:45:44.781814');
INSERT INTO "collections" VALUES(7,'355212086608462',NULL,'2040000007',11,1,73,1,4,8.4,'2017-08-02 16:45:00.000000','2017-08-02 17:45:45.682616');
INSERT INTO "collections" VALUES(8,'355212086608462',NULL,'2040000008',11,1,13,1,4,2.3,'2017-08-02 16:45:00.000000','2017-08-02 17:45:46.171613');
INSERT INTO "collections" VALUES(9,'355212086608462',NULL,'2040000009',11,1,73,1,4,4.3,'2017-08-02 17:00:00.000000','2017-08-02 17:45:46.359629');
INSERT INTO "collections" VALUES(10,'355212086608462',NULL,'2040000010',11,1,61,1,4,4.6,'2017-08-02 17:07:00.000000','2017-08-02 17:45:51.363017');
INSERT INTO "collections" VALUES(11,'355212086608462',NULL,'2040000011',11,1,10,1,4,2.5,'2017-08-02 17:08:00.000000','2017-08-02 17:45:54.174890');
INSERT INTO "collections" VALUES(12,'355212086608462',NULL,'2040000012',11,1,10,1,4,2.5,'2017-08-02 17:09:00.000000','2017-08-02 17:45:56.123835');
INSERT INTO "collections" VALUES(13,'355212086608462',NULL,'2040000013',11,1,77,1,4,8.7,'2017-08-02 17:13:00.000000','2017-08-02 17:45:57.335928');
INSERT INTO "collections" VALUES(14,'355212086608462',NULL,'2040000014',11,1,11,1,4,11.4,'2017-08-02 17:16:00.000000','2017-08-02 17:45:57.544250');
INSERT INTO "collections" VALUES(15,'355212086608462',NULL,'2040000015',11,1,89,1,4,2.0,'2017-08-02 17:21:00.000000','2017-08-02 17:45:57.748681');
INSERT INTO "collections" VALUES(16,'355212086608462',NULL,'2040000016',11,1,5,1,4,3.5,'2017-08-02 17:24:00.000000','2017-08-02 17:45:58.086486');
INSERT INTO "collections" VALUES(17,'355212086608462',NULL,'2040000017',11,1,20,1,4,13.7,'2017-08-02 17:26:00.000000','2017-08-02 17:45:58.312465');
INSERT INTO "collections" VALUES(18,'355212086608462',NULL,'2040000018',11,1,86,1,4,2.8,'2017-08-02 17:27:00.000000','2017-08-02 17:45:58.480981');
INSERT INTO "collections" VALUES(19,'355212086608462',NULL,'2040000019',11,1,14,1,4,10.0,'2017-08-02 17:30:00.000000','2017-08-02 17:45:58.667771');
INSERT INTO "collections" VALUES(20,'355212086608462',NULL,'2040000020',11,1,94,1,4,2.2,'2017-08-02 17:31:00.000000','2017-08-02 17:45:59.151120');
INSERT INTO "collections" VALUES(21,'355212086608462',NULL,'2040000021',11,1,56,1,4,1.8,'2017-08-02 17:33:00.000000','2017-08-02 17:46:00.555309');
INSERT INTO "collections" VALUES(22,'355212086608462',NULL,'2040000022',11,1,8,1,4,1.6,'2017-08-02 17:34:00.000000','2017-08-02 17:46:00.759451');
INSERT INTO "collections" VALUES(23,'355212086608462',NULL,'2040000023',11,1,30,1,4,2.9,'2017-08-02 17:35:00.000000','2017-08-02 17:46:02.691887');
INSERT INTO "collections" VALUES(24,'355212086608462',NULL,'2040000024',11,1,92,1,4,6.3,'2017-08-02 17:36:00.000000','2017-08-02 17:46:02.870047');
INSERT INTO "collections" VALUES(25,'355212086654748',NULL,'00000001',12,1,77,1,7,10.0,'2017-08-03 06:36:00.000000','2017-08-03 15:44:50.537118');
INSERT INTO "collections" VALUES(26,'355212086654748',NULL,'00000002',12,1,77,1,7,10.0,'2017-08-03 06:36:00.000000','2017-08-03 15:44:50.736971');
INSERT INTO "collections" VALUES(27,'355212086654748',NULL,'00000003',12,1,77,1,7,10.0,'2017-08-03 06:39:00.000000','2017-08-03 15:44:51.226380');
INSERT INTO "collections" VALUES(28,'355212086654748',NULL,'00000004',12,1,77,1,7,10.0,'2017-08-03 06:42:00.000000','2017-08-03 15:44:52.696658');
INSERT INTO "collections" VALUES(29,'355212086654748',NULL,'00000005',12,1,77,1,7,10.0,'2017-08-03 06:44:00.000000','2017-08-03 15:44:53.223311');
INSERT INTO "collections" VALUES(30,'355212086654748',NULL,'00000006',12,1,77,1,7,10.0,'2017-08-03 06:49:00.000000','2017-08-03 15:44:53.382081');
INSERT INTO "collections" VALUES(31,'355212086654748',NULL,'00000007',12,1,10,1,7,2.5,'2017-08-03 07:04:00.000000','2017-08-03 15:44:53.544058');
INSERT INTO "collections" VALUES(32,'355212086654748',NULL,'00000008',12,1,15,1,7,13.0,'2017-08-03 07:05:00.000000','2017-08-03 15:44:53.751113');
INSERT INTO "collections" VALUES(33,'355212086654748',NULL,'00000009',12,1,77,1,7,8.8,'2017-08-03 07:08:00.000000','2017-08-03 15:44:54.024560');
INSERT INTO "collections" VALUES(34,'355212086654748',NULL,'00000010',12,1,6,1,7,4.0,'2017-08-03 07:09:00.000000','2017-08-03 15:44:54.226940');
INSERT INTO "collections" VALUES(35,'355212086654748',NULL,'00000011',12,1,67,1,7,1.0,'2017-08-03 07:10:00.000000','2017-08-03 15:44:54.433906');
INSERT INTO "collections" VALUES(36,'355212086654748',NULL,'00000012',12,1,43,1,7,3.0,'2017-08-03 07:15:00.000000','2017-08-03 15:44:54.993011');
INSERT INTO "collections" VALUES(37,'355212086654748',NULL,'00000013',12,1,79,1,7,2.6,'2017-08-03 07:19:00.000000','2017-08-03 15:44:55.607115');
INSERT INTO "collections" VALUES(38,'355212086654748',NULL,'00000014',12,1,18,1,7,5.0,'2017-08-03 07:20:00.000000','2017-08-03 15:44:55.794604');
INSERT INTO "collections" VALUES(39,'355212086654748',NULL,'00000015',12,1,93,1,7,3.0,'2017-08-03 08:11:00.000000','2017-08-03 15:44:56.003056');
INSERT INTO "collections" VALUES(40,'355212086654748',NULL,'00000016',12,1,11,1,7,11.0,'2017-08-03 08:15:00.000000','2017-08-03 15:44:56.176333');
INSERT INTO "collections" VALUES(41,'355212086654748',NULL,'00000017',12,1,5,1,7,2.0,'2017-08-03 08:16:00.000000','2017-08-03 15:44:56.447331');
INSERT INTO "collections" VALUES(42,'355212086654748',NULL,'00000018',12,1,20,1,7,12.5,'2017-08-03 08:30:00.000000','2017-08-03 15:44:56.705053');
INSERT INTO "collections" VALUES(43,'355212086654748',NULL,'00000019',12,1,90,1,7,5.0,'2017-08-03 08:31:00.000000','2017-08-03 15:44:56.878012');
INSERT INTO "collections" VALUES(44,'355212086654748',NULL,'00000020',12,1,45,1,7,3.0,'2017-08-03 08:45:00.000000','2017-08-03 15:44:57.075204');
INSERT INTO "collections" VALUES(45,'355212086654748',NULL,'00000021',12,1,86,1,7,3.0,'2017-08-03 08:45:00.000000','2017-08-03 15:44:57.251385');
INSERT INTO "collections" VALUES(46,'355212086654748',NULL,'00000022',12,1,14,1,7,10.0,'2017-08-03 08:51:00.000000','2017-08-03 15:44:57.468094');
INSERT INTO "collections" VALUES(47,'355212086654748',NULL,'00000023',6,1,3,1,7,5.0,'2017-08-03 15:34:00.000000','2017-08-03 15:44:57.678143');
INSERT INTO "collections" VALUES(48,'355212086654748',NULL,'00000024',6,1,3,1,7,5.0,'2017-08-03 15:38:00.000000','2017-08-03 15:44:57.936083');
INSERT INTO "collections" VALUES(49,'355212086654748',NULL,'00000025',6,1,5,1,7,9.0,'2017-08-03 15:43:00.000000','2017-08-03 15:44:58.147058');
INSERT INTO "collections" VALUES(50,'355212086654748',NULL,'00000026',6,1,3,1,8,6.0,'2017-08-03 15:51:00.000000','2017-08-03 15:53:42.506328');
INSERT INTO "collections" VALUES(51,'355212086654748',NULL,'00000027',12,1,77,1,6,7.6,'2017-08-03 17:10:00.000000','2017-08-03 17:36:09.291383');
INSERT INTO "collections" VALUES(52,'355212086654748',NULL,'00000028',12,1,77,1,6,8.7,'2017-08-03 17:13:00.000000','2017-08-03 17:36:10.537659');
INSERT INTO "collections" VALUES(53,'355212086608462',NULL,'2040000025',11,1,61,1,5,4.6,'2017-08-03 07:57:00.000000','2017-08-03 18:07:34.421634');
INSERT INTO "collections" VALUES(54,'355212086608462',NULL,'2040000026',11,1,61,1,5,4.6,'2017-08-03 08:02:00.000000','2017-08-03 18:07:34.794217');
INSERT INTO "collections" VALUES(55,'355212086608462',NULL,'2040000027',11,1,61,1,5,4.6,'2017-08-03 08:05:00.000000','2017-08-03 18:07:36.679007');
INSERT INTO "collections" VALUES(56,'355212086608462',NULL,'2040000028',11,1,61,1,5,4.6,'2017-08-03 08:06:00.000000','2017-08-03 18:07:36.954743');
INSERT INTO "collections" VALUES(57,'355212086608462',NULL,'2040000029',11,1,61,1,5,4.6,'2017-08-03 08:08:00.000000','2017-08-03 18:07:37.414152');
INSERT INTO "collections" VALUES(58,'355212086608462',NULL,'2040000030',11,1,61,1,5,4.6,'2017-08-03 08:09:00.000000','2017-08-03 18:07:37.872172');
INSERT INTO "collections" VALUES(59,'355212086608462',NULL,'2040000031',11,1,61,1,5,5.6,'2017-08-03 08:14:00.000000','2017-08-03 18:07:38.268252');
INSERT INTO "collections" VALUES(60,'355212086608462',NULL,'2040000032',11,1,61,1,5,4.6,'2017-08-03 08:20:00.000000','2017-08-03 18:07:38.635145');
INSERT INTO "collections" VALUES(61,'355212086608462',NULL,'2040000033',11,1,61,1,5,4.6,'2017-08-03 08:25:00.000000','2017-08-03 18:07:39.021827');
INSERT INTO "collections" VALUES(62,'355212086608462',NULL,'2040000034',11,1,61,1,5,4.6,'2017-08-03 08:26:00.000000','2017-08-03 18:07:39.400153');
INSERT INTO "collections" VALUES(63,'355212086608462',NULL,'2040000035',11,1,61,1,5,4.6,'2017-08-03 08:32:00.000000','2017-08-03 18:07:39.832254');
INSERT INTO "collections" VALUES(64,'355212086608462',NULL,'2040000036',11,1,61,1,5,4.6,'2017-08-03 08:35:00.000000','2017-08-03 18:07:40.356006');
INSERT INTO "collections" VALUES(65,'355212086608462',NULL,'2040000037',11,1,52,1,5,7.0,'2017-08-03 08:39:00.000000','2017-08-03 18:07:41.130286');
INSERT INTO "collections" VALUES(66,'355212086608462',NULL,'2040000038',11,1,73,1,5,8.2,'2017-08-03 08:40:00.000000','2017-08-03 18:07:41.637640');
INSERT INTO "collections" VALUES(67,'355212086608462',NULL,'2040000039',11,1,50,1,5,5.3,'2017-08-03 08:41:00.000000','2017-08-03 18:07:42.024192');
INSERT INTO "collections" VALUES(68,'355212086608462',NULL,'2040000040',11,1,9,1,5,4.2,'2017-08-03 08:41:00.000000','2017-08-03 18:07:42.311176');
INSERT INTO "collections" VALUES(69,'355212086608462',NULL,'2040000041',11,1,2,1,5,2.9,'2017-08-03 08:44:00.000000','2017-08-03 18:07:42.616310');
INSERT INTO "collections" VALUES(70,'355212086608462',NULL,'2040000042',11,1,2,1,5,2.9,'2017-08-03 08:54:00.000000','2017-08-03 18:07:42.908942');
INSERT INTO "collections" VALUES(71,'355212086608462',NULL,'2040000043',11,1,13,1,5,2.3,'2017-08-03 09:12:00.000000','2017-08-03 18:07:43.453654');
INSERT INTO "collections" VALUES(72,'355212086608462',NULL,'2040000044',11,1,13,1,5,2.3,'2017-08-03 09:12:00.000000','2017-08-03 18:07:43.915832');
INSERT INTO "collections" VALUES(73,'355212086608462',NULL,'2040000045',11,1,13,1,5,2.3,'2017-08-03 09:13:00.000000','2017-08-03 18:07:44.585268');
INSERT INTO "collections" VALUES(74,'355212086608462',NULL,'2040000046',11,1,38,1,5,2.3,'2017-08-03 09:15:00.000000','2017-08-03 18:07:45.031911');
INSERT INTO "collections" VALUES(75,'355212086608462',NULL,'2040000047',11,1,12,1,5,9.9,'2017-08-03 09:20:00.000000','2017-08-03 18:07:45.406068');
INSERT INTO "collections" VALUES(76,'355212086608462',NULL,'2040000048',11,1,94,1,5,2.4,'2017-08-03 09:24:00.000000','2017-08-03 18:07:45.820066');
INSERT INTO "collections" VALUES(77,'355212086608462',NULL,'2040000049',11,1,8,1,5,1.5,'2017-08-03 09:30:00.000000','2017-08-03 18:07:46.223279');
INSERT INTO "collections" VALUES(78,'355212086608462',NULL,'2040000050',11,1,56,1,5,2.0,'2017-08-03 09:50:00.000000','2017-08-03 18:07:46.535313');
INSERT INTO "collections" VALUES(79,'355212086608462',NULL,'2040000051',11,1,47,1,5,2.4,'2017-08-03 09:52:00.000000','2017-08-03 18:07:47.008978');
INSERT INTO "collections" VALUES(80,'355212086608462',NULL,'2040000052',11,1,92,1,5,5.5,'2017-08-03 09:57:00.000000','2017-08-03 18:07:47.494363');
INSERT INTO "collections" VALUES(81,'355212086608462',NULL,'2040000053',11,1,30,1,5,3.3,'2017-08-03 10:14:00.000000','2017-08-03 18:07:47.991756');
INSERT INTO "collections" VALUES(82,'355212086608462',NULL,'2040000054',11,1,89,1,5,1.6,'2017-08-03 10:44:00.000000','2017-08-03 18:07:49.280756');
INSERT INTO "collections" VALUES(83,'355212086608462',NULL,'2040000055',11,1,17,1,5,5.6,'2017-08-03 10:49:00.000000','2017-08-03 18:07:49.821463');
INSERT INTO "collections" VALUES(84,'355212086608462',NULL,'2040000056',11,1,83,1,5,7.0,'2017-08-03 12:25:00.000000','2017-08-03 18:07:50.386027');
INSERT INTO "collections" VALUES(85,'355212086608462',NULL,'2040000057',11,1,85,1,5,5.0,'2017-08-03 12:27:00.000000','2017-08-03 18:07:50.833089');
INSERT INTO "collections" VALUES(86,'355212086608462',NULL,'2040000058',11,1,51,1,5,3.8,'2017-08-03 12:27:00.000000','2017-08-03 18:07:53.530904');
INSERT INTO "collections" VALUES(87,'355212086608462',NULL,'2040000059',11,1,72,1,5,69.1,'2017-08-03 12:28:00.000000','2017-08-03 18:07:54.958145');
INSERT INTO "collections" VALUES(88,'355212086608462',NULL,'2040000060',11,1,70,1,5,5.0,'2017-08-03 12:31:00.000000','2017-08-03 18:07:55.387557');
INSERT INTO "collections" VALUES(89,'355212086608462',NULL,'2040000061',11,1,71,1,5,3.0,'2017-08-03 12:31:00.000000','2017-08-03 18:07:55.797221');
INSERT INTO "collections" VALUES(90,'355212086608462',NULL,'2040000062',11,1,29,1,5,3.0,'2017-08-03 12:32:00.000000','2017-08-03 18:07:56.245520');
INSERT INTO "collections" VALUES(91,'355212086608462',NULL,'2040000063',11,1,58,1,5,2.0,'2017-08-03 12:33:00.000000','2017-08-03 18:07:56.576557');
INSERT INTO "collections" VALUES(92,'355212086608462',NULL,'2040000064',11,1,66,1,5,5.0,'2017-08-03 12:33:00.000000','2017-08-03 18:07:56.836310');
INSERT INTO "collections" VALUES(93,'355212086608462',NULL,'2040000065',11,1,42,1,5,8.0,'2017-08-03 12:34:00.000000','2017-08-03 18:07:57.281842');
INSERT INTO "collections" VALUES(94,'355212086608462',NULL,'2040000066',11,1,53,1,5,10.3,'2017-08-03 12:37:00.000000','2017-08-03 18:07:57.734563');
INSERT INTO "collections" VALUES(95,'355212086608462',NULL,'2040000067',11,1,22,1,5,9.6,'2017-08-03 14:34:00.000000','2017-08-03 18:07:58.198329');
INSERT INTO "collections" VALUES(96,'355212086608462',NULL,'2040000068',11,1,83,1,5,7.0,'2017-08-03 15:45:00.000000','2017-08-03 18:07:58.657325');
INSERT INTO "collections" VALUES(97,'355212086608462',NULL,'2040000069',11,1,2,1,5,2.6,'2017-08-03 17:18:00.000000','2017-08-03 18:07:59.140599');
INSERT INTO "collections" VALUES(98,'355212086608462',NULL,'2040000070',11,1,73,1,5,5.5,'2017-08-03 17:22:00.000000','2017-08-03 18:07:59.630187');
INSERT INTO "collections" VALUES(99,'355212086608462',NULL,'2040000071',11,1,35,1,5,433.0,'2017-08-03 17:36:00.000000','2017-08-03 18:08:00.565410');
INSERT INTO "collections" VALUES(100,'355212086608462',NULL,'2040000072',11,1,35,1,5,433.0,'2017-08-03 17:43:00.000000','2017-08-03 18:08:01.923953');
INSERT INTO "collections" VALUES(101,'355212086608462',NULL,'2040000073',11,1,50,1,5,5.2,'2017-08-04 08:04:00.000000','2017-08-04 10:57:16.098022');
INSERT INTO "collections" VALUES(102,'355212086608462',NULL,'2040000074',11,1,9,1,5,4.3,'2017-08-04 08:04:00.000000','2017-08-04 10:57:16.590114');
INSERT INTO "collections" VALUES(103,'355212086608462',NULL,'2040000075',11,1,61,1,5,4.4,'2017-08-04 08:05:00.000000','2017-08-04 10:57:17.171731');
INSERT INTO "collections" VALUES(104,'355212086608462',NULL,'2040000076',11,1,104,1,5,2.3,'2017-08-04 08:06:00.000000','2017-08-04 10:57:17.447711');
INSERT INTO "collections" VALUES(105,'355212086608462',NULL,'2040000077',11,1,2,1,5,4.1,'2017-08-04 08:08:00.000000','2017-08-04 10:57:17.586909');
INSERT INTO "collections" VALUES(106,'355212086608462',NULL,'2040000078',11,1,52,1,5,8.4,'2017-08-04 08:09:00.000000','2017-08-04 10:57:17.747628');
INSERT INTO "collections" VALUES(107,'355212086608462',NULL,'2040000079',11,1,17,1,5,5.6,'2017-08-04 08:12:00.000000','2017-08-04 10:57:18.139133');
INSERT INTO "collections" VALUES(108,'355212086608462',NULL,'2040000080',11,1,100,1,5,4.1,'2017-08-04 08:25:00.000000','2017-08-04 10:57:18.516067');
INSERT INTO "collections" VALUES(109,'355212086608462',NULL,'2040000081',11,1,13,1,5,1.6,'2017-08-04 08:35:00.000000','2017-08-04 10:57:19.247226');
INSERT INTO "collections" VALUES(110,'355212086608462',NULL,'2040000082',11,1,99,1,5,4.2,'2017-08-04 08:37:00.000000','2017-08-04 10:57:19.877287');
INSERT INTO "collections" VALUES(111,'355212086608462',NULL,'2040000083',11,1,12,1,5,9.5,'2017-08-04 08:40:00.000000','2017-08-04 10:57:20.424489');
INSERT INTO "collections" VALUES(112,'355212086608462',NULL,'2040000084',11,1,73,1,5,9.4,'2017-08-04 08:48:00.000000','2017-08-04 10:57:20.660605');
INSERT INTO "collections" VALUES(113,'355212086608462',NULL,'2040000085',11,1,73,1,5,8.6,'2017-08-04 08:49:00.000000','2017-08-04 10:57:20.966108');
INSERT INTO "collections" VALUES(114,'355212086608462',NULL,'2040000086',11,1,38,1,5,3.0,'2017-08-04 09:07:00.000000','2017-08-04 10:57:21.194087');
INSERT INTO "collections" VALUES(115,'355212086608462',NULL,'2040000087',11,1,8,1,5,1.7,'2017-08-04 09:29:00.000000','2017-08-04 10:57:21.440576');
INSERT INTO "collections" VALUES(116,'355212086608462',NULL,'2040000088',11,1,73,1,5,2.6,'2017-08-04 09:33:00.000000','2017-08-04 10:57:21.706476');
INSERT INTO "collections" VALUES(117,'355212086608462',NULL,'2040000089',11,1,92,1,5,6.9,'2017-08-04 09:49:00.000000','2017-08-04 10:57:24.256921');
INSERT INTO "collections" VALUES(118,'355212086608462',NULL,'2040000090',11,1,56,1,5,2.0,'2017-08-04 09:55:00.000000','2017-08-04 10:57:25.538116');
INSERT INTO "collections" VALUES(119,'355212086608462',NULL,'2040000091',11,1,47,1,5,3.0,'2017-08-04 10:07:00.000000','2017-08-04 10:57:26.809480');
INSERT INTO "collections" VALUES(120,'355212086654748',NULL,'00000029',12,1,15,1,11,8.5,'2017-08-04 11:21:00.000000','2017-08-04 11:56:02.909467');
INSERT INTO "collections" VALUES(121,'355212086654748',NULL,'00000030',12,1,15,1,11,8.5,'2017-08-04 11:25:00.000000','2017-08-04 11:56:03.077221');
INSERT INTO "collections" VALUES(122,'355212086654748',NULL,'00000031',12,1,101,1,11,10.8,'2017-08-04 11:32:00.000000','2017-08-04 11:56:03.223943');
INSERT INTO "collections" VALUES(123,'355212086654748',NULL,'00000032',12,1,93,1,11,3.0,'2017-08-04 11:33:00.000000','2017-08-04 11:56:03.478858');
INSERT INTO "collections" VALUES(124,'355212086654748',NULL,'00000033',12,1,130,1,11,1.0,'2017-08-04 11:34:00.000000','2017-08-04 11:56:03.710357');
INSERT INTO "collections" VALUES(125,'355212086654748',NULL,'00000034',12,1,5,1,11,4.0,'2017-08-04 11:36:00.000000','2017-08-04 11:56:03.848981');
INSERT INTO "collections" VALUES(126,'355212086654748',NULL,'00000035',12,1,89,1,11,2.0,'2017-08-04 11:36:00.000000','2017-08-04 11:56:05.023327');
INSERT INTO "collections" VALUES(127,'355212086654748',NULL,'00000036',12,1,11,1,11,8.8,'2017-08-04 11:37:00.000000','2017-08-04 11:56:05.212111');
INSERT INTO "collections" VALUES(128,'355212086654748',NULL,'00000037',12,1,129,1,11,5.0,'2017-08-04 11:37:00.000000','2017-08-04 11:56:05.412110');
INSERT INTO "collections" VALUES(129,'355212086654748',NULL,'00000038',12,1,90,1,11,5.0,'2017-08-04 11:39:00.000000','2017-08-04 11:56:05.608049');
INSERT INTO "collections" VALUES(130,'355212086654748',NULL,'00000039',12,1,126,1,11,2.0,'2017-08-04 11:39:00.000000','2017-08-04 11:56:05.804862');
INSERT INTO "collections" VALUES(131,'355212086654748',NULL,'00000040',12,1,20,1,11,13.0,'2017-08-04 11:40:00.000000','2017-08-04 11:56:05.947396');
INSERT INTO "collections" VALUES(132,'355212086654748',NULL,'00000041',12,1,127,1,11,1.0,'2017-08-04 11:41:00.000000','2017-08-04 11:56:06.093186');
INSERT INTO "collections" VALUES(133,'355212086654748',NULL,'00000042',12,1,124,1,11,3.0,'2017-08-04 11:41:00.000000','2017-08-04 11:56:06.281814');
INSERT INTO "collections" VALUES(134,'355212086654748',NULL,'00000043',12,1,14,1,11,10.0,'2017-08-04 11:42:00.000000','2017-08-04 11:56:06.445763');
INSERT INTO "collections" VALUES(135,'355212086654748',NULL,'00000044',12,1,117,1,11,4.0,'2017-08-04 11:47:00.000000','2017-08-04 11:56:06.620584');
INSERT INTO "collections" VALUES(136,'355212086654748',NULL,'00000045',12,1,149,1,11,4.0,'2017-08-04 11:50:00.000000','2017-08-04 11:56:06.819004');
INSERT INTO "collections" VALUES(137,'355212086654748',NULL,'00000046',12,1,151,1,11,4.0,'2017-08-04 11:51:00.000000','2017-08-04 11:56:07.042751');
INSERT INTO "collections" VALUES(138,'355212086654748',NULL,'00000047',12,1,142,1,11,5.0,'2017-08-04 11:53:00.000000','2017-08-04 11:56:07.330369');
INSERT INTO "collections" VALUES(139,'355212084828161',NULL,'2050000001',6,1,64,1,9,4.0,'2017-08-04 06:25:00.000000','2017-08-04 12:41:20.170285');
INSERT INTO "collections" VALUES(140,'355212084828161',NULL,'2050000002',6,1,41,1,9,3.2,'2017-08-04 06:36:00.000000','2017-08-04 12:41:20.431683');
INSERT INTO "collections" VALUES(141,'355212084828161',NULL,'2050000003',6,1,59,1,9,7.0,'2017-08-04 06:38:00.000000','2017-08-04 12:41:20.657975');
INSERT INTO "collections" VALUES(142,'355212084828161',NULL,'2050000004',6,1,40,1,9,2.0,'2017-08-04 06:49:00.000000','2017-08-04 12:41:20.877490');
INSERT INTO "collections" VALUES(143,'355212084828161',NULL,'2050000005',6,1,91,1,9,8.5,'2017-08-04 06:54:00.000000','2017-08-04 12:41:21.095301');
INSERT INTO "collections" VALUES(144,'355212084828161',NULL,'2050000006',6,1,48,1,9,4.9,'2017-08-04 06:56:00.000000','2017-08-04 12:41:22.607922');
INSERT INTO "collections" VALUES(145,'355212084828161',NULL,'2050000007',6,1,83,1,9,7.0,'2017-08-04 07:21:00.000000','2017-08-04 12:41:23.875356');
INSERT INTO "collections" VALUES(146,'355212084828161',NULL,'2050000008',6,1,85,1,9,5.0,'2017-08-04 07:46:00.000000','2017-08-04 12:41:24.159490');
INSERT INTO "collections" VALUES(147,'355212084828161',NULL,'2050000009',6,1,51,1,9,3.8,'2017-08-04 07:54:00.000000','2017-08-04 12:41:24.835782');
INSERT INTO "collections" VALUES(148,'355212084828161',NULL,'2050000010',6,1,70,1,9,4.0,'2017-08-04 09:37:00.000000','2017-08-04 12:41:25.310064');
INSERT INTO "collections" VALUES(149,'355212084828161',NULL,'2050000011',6,1,71,1,9,3.0,'2017-08-04 09:38:00.000000','2017-08-04 12:41:25.752972');
INSERT INTO "collections" VALUES(150,'355212084828161',NULL,'2050000012',6,1,58,1,9,2.0,'2017-08-04 09:50:00.000000','2017-08-04 12:41:26.340568');
INSERT INTO "collections" VALUES(151,'355212084828161',NULL,'2050000013',6,1,65,1,9,3.0,'2017-08-04 10:52:00.000000','2017-08-04 12:41:26.724559');
INSERT INTO "collections" VALUES(152,'355212084828161',NULL,'2050000014',6,1,3,1,9,2.0,'2017-08-04 10:52:00.000000','2017-08-04 12:41:27.040764');
INSERT INTO "collections" VALUES(153,'355212084828161',NULL,'2050000015',6,1,3,1,9,2.0,'2017-08-04 10:53:00.000000','2017-08-04 12:41:27.247643');
INSERT INTO "collections" VALUES(154,'355212084828161',NULL,'2050000016',6,1,31,1,9,7.0,'2017-08-04 10:54:00.000000','2017-08-04 12:41:27.449561');
INSERT INTO "collections" VALUES(155,'355212084828161',NULL,'2050000017',6,1,29,1,9,3.0,'2017-08-04 10:54:00.000000','2017-08-04 12:41:28.074768');
INSERT INTO "collections" VALUES(156,'355212084828161',NULL,'2050000018',6,1,65,1,9,3.0,'2017-08-04 10:55:00.000000','2017-08-04 12:41:28.337357');
INSERT INTO "collections" VALUES(157,'355212084828161',NULL,'2050000019',6,1,21,1,9,1.0,'2017-08-04 10:56:00.000000','2017-08-04 12:41:28.970256');
INSERT INTO "collections" VALUES(158,'355212084828161',NULL,'2050000020',6,1,66,1,9,5.0,'2017-08-04 10:56:00.000000','2017-08-04 12:41:29.174359');
INSERT INTO "collections" VALUES(159,'355212084828161',NULL,'2050000021',6,1,76,1,9,1.0,'2017-08-04 10:58:00.000000','2017-08-04 12:41:29.529199');
INSERT INTO "collections" VALUES(160,'355212084828161',NULL,'2050000022',6,1,88,1,9,1.5,'2017-08-04 10:59:00.000000','2017-08-04 12:41:29.869331');
INSERT INTO "collections" VALUES(161,'355212084828161',NULL,'2050000023',6,1,64,1,9,4.0,'2017-08-04 11:03:00.000000','2017-08-04 12:41:30.234346');
INSERT INTO "collections" VALUES(162,'355212084828161',NULL,'2050000024',6,1,95,1,9,309.4,'2017-08-04 11:42:00.000000','2017-08-04 12:41:30.674851');
INSERT INTO "collections" VALUES(163,'355212084828161',NULL,'2050000025',6,1,42,1,9,10.0,'2017-08-04 11:58:00.000000','2017-08-04 12:41:31.104420');
INSERT INTO "collections" VALUES(164,'355212084828161',NULL,'2050000026',6,1,42,1,9,10.0,'2017-08-04 11:59:00.000000','2017-08-04 12:41:31.393028');
INSERT INTO "collections" VALUES(165,'355212084828161',NULL,'2050000027',6,1,70,1,9,4.0,'2017-08-04 12:00:00.000000','2017-08-04 12:41:31.964902');
INSERT INTO "collections" VALUES(166,'355212086608462',NULL,'2040000092',11,1,111,1,12,488.6,'2017-08-04 12:07:00.000000','2017-08-04 17:54:00.567570');
INSERT INTO "collections" VALUES(167,'355212086608462',NULL,'2040000093',11,1,68,1,12,3.7,'2017-08-04 12:15:00.000000','2017-08-04 17:54:00.767258');
INSERT INTO "collections" VALUES(168,'355212086608462',NULL,'2040000094',11,1,68,1,12,3.7,'2017-08-04 12:16:00.000000','2017-08-04 17:54:01.006870');
INSERT INTO "collections" VALUES(169,'355212086608462',NULL,'2040000095',11,1,22,1,12,9.0,'2017-08-04 13:06:00.000000','2017-08-04 17:54:01.219909');
INSERT INTO "collections" VALUES(170,'355212086608462',NULL,'2040000096',11,1,22,1,12,9.0,'2017-08-04 13:07:00.000000','2017-08-04 17:54:01.343818');
INSERT INTO "collections" VALUES(171,'355212086608462',NULL,'2040000097',11,1,100,1,12,5.2,'2017-08-04 13:37:00.000000','2017-08-04 17:54:01.519834');
INSERT INTO "collections" VALUES(172,'355212086608462',NULL,'2040000098',11,1,137,1,12,1.2,'2017-08-04 15:49:00.000000','2017-08-04 17:54:02.748630');
INSERT INTO "collections" VALUES(173,'355212086608462',NULL,'2040000099',11,1,140,1,12,3.1,'2017-08-04 15:58:00.000000','2017-08-04 17:54:03.041293');
INSERT INTO "collections" VALUES(174,'355212086608462',NULL,'2040000100',11,1,137,1,12,2.3,'2017-08-04 15:58:00.000000','2017-08-04 17:54:03.234472');
INSERT INTO "collections" VALUES(175,'355212086608462',NULL,'2040000101',11,1,140,1,12,2.7,'2017-08-04 17:34:00.000000','2017-08-04 17:54:03.453110');
INSERT INTO "collections" VALUES(176,'355212084828161',NULL,'2050000028',6,1,87,1,15,650.0,'2017-08-04 16:35:00.000000','2017-08-05 11:31:18.046097');
INSERT INTO "collections" VALUES(177,'355212084828161',NULL,'2050000029',6,1,87,1,15,650.0,'2017-08-04 16:40:00.000000','2017-08-05 11:31:18.389606');
INSERT INTO "collections" VALUES(178,'355212084828161',NULL,'2050000030',6,1,87,1,15,650.0,'2017-08-04 16:44:00.000000','2017-08-05 11:31:18.766848');
INSERT INTO "collections" VALUES(179,'355212084828161',NULL,'2050000031',6,1,87,1,15,650.0,'2017-08-04 16:45:00.000000','2017-08-05 11:31:19.161323');
INSERT INTO "collections" VALUES(180,'355212084828161',NULL,'2050000032',6,1,41,1,15,2.9,'2017-08-05 06:51:00.000000','2017-08-05 11:31:20.607081');
INSERT INTO "collections" VALUES(181,'355212084828161',NULL,'2050000033',6,1,59,1,15,5.1,'2017-08-05 06:52:00.000000','2017-08-05 11:31:20.965626');
INSERT INTO "collections" VALUES(182,'355212084828161',NULL,'2050000034',6,1,136,1,15,8.8,'2017-08-05 07:02:00.000000','2017-08-05 11:31:21.231902');
INSERT INTO "collections" VALUES(183,'355212084828161',NULL,'2050000035',6,1,91,1,15,7.7,'2017-08-05 07:07:00.000000','2017-08-05 11:31:21.567484');
INSERT INTO "collections" VALUES(184,'355212084828161',NULL,'2050000036',6,1,83,1,15,5.0,'2017-08-05 07:25:00.000000','2017-08-05 11:31:22.051941');
INSERT INTO "collections" VALUES(185,'355212084828161',NULL,'2050000037',6,1,147,1,15,2.0,'2017-08-05 07:42:00.000000','2017-08-05 11:31:22.472651');
INSERT INTO "collections" VALUES(186,'355212084828161',NULL,'2050000038',6,1,51,1,15,3.8,'2017-08-05 08:04:00.000000','2017-08-05 11:31:22.671889');
INSERT INTO "collections" VALUES(187,'355212084828161',NULL,'2050000039',6,1,128,1,15,3.0,'2017-08-05 08:11:00.000000','2017-08-05 11:31:23.854843');
INSERT INTO "collections" VALUES(188,'355212084828161',NULL,'2050000040',6,1,72,1,15,22.0,'2017-08-05 08:27:00.000000','2017-08-05 11:31:24.042969');
INSERT INTO "collections" VALUES(189,'355212084828161',NULL,'2050000041',6,1,135,1,15,3.0,'2017-08-05 08:53:00.000000','2017-08-05 11:31:24.245352');
INSERT INTO "collections" VALUES(190,'355212084828161',NULL,'2050000042',6,1,76,1,15,1.0,'2017-08-05 09:00:00.000000','2017-08-05 11:31:24.465204');
INSERT INTO "collections" VALUES(191,'355212084828161',NULL,'2050000043',6,1,70,1,15,4.0,'2017-08-05 09:12:00.000000','2017-08-05 11:31:24.632750');
INSERT INTO "collections" VALUES(192,'355212084828161',NULL,'2050000044',6,1,141,1,15,2.0,'2017-08-05 09:19:00.000000','2017-08-05 11:31:26.685372');
INSERT INTO "collections" VALUES(193,'355212084828161',NULL,'2050000045',6,1,29,1,15,3.0,'2017-08-05 09:23:00.000000','2017-08-05 11:31:26.941964');
INSERT INTO "collections" VALUES(194,'355212084828161',NULL,'2050000046',6,1,120,1,15,7.0,'2017-08-05 09:27:00.000000','2017-08-05 11:31:27.170752');
INSERT INTO "collections" VALUES(195,'355212084828161',NULL,'2050000047',6,1,3,1,15,2.0,'2017-08-05 10:01:00.000000','2017-08-05 11:31:27.435037');
INSERT INTO "collections" VALUES(196,'355212084828161',NULL,'2050000048',6,1,95,1,15,86.8,'2017-08-05 10:31:00.000000','2017-08-05 11:31:27.617143');
INSERT INTO "collections" VALUES(197,'355212084828161',NULL,'2050000049',6,1,95,1,15,86.8,'2017-08-05 10:32:00.000000','2017-08-05 11:31:28.795654');
INSERT INTO "collections" VALUES(198,'355212084828161',NULL,'2050000050',6,1,95,1,15,86.8,'2017-08-05 10:33:00.000000','2017-08-05 11:31:29.053693');
INSERT INTO "collections" VALUES(199,'355212084828161',NULL,'2050000051',6,1,95,1,15,86.8,'2017-08-05 10:35:00.000000','2017-08-05 11:31:29.233889');
INSERT INTO "collections" VALUES(200,'355212086608462',NULL,'2040000102',11,1,12,1,17,10.1,'2017-08-05 07:57:00.000000','2017-08-05 18:11:04.417647');
INSERT INTO "collections" VALUES(201,'355212086608462',NULL,'2040000103',11,1,9,1,17,4.0,'2017-08-05 08:00:00.000000','2017-08-05 18:11:04.546327');
INSERT INTO "collections" VALUES(202,'355212086608462',NULL,'2040000104',11,1,2,1,17,4.4,'2017-08-05 08:03:00.000000','2017-08-05 18:11:04.661416');
INSERT INTO "collections" VALUES(203,'355212086608462',NULL,'2040000105',11,1,38,1,17,3.5,'2017-08-05 08:05:00.000000','2017-08-05 18:11:04.784362');
INSERT INTO "collections" VALUES(204,'355212086608462',NULL,'2040000106',11,1,137,1,17,3.3,'2017-08-05 08:11:00.000000','2017-08-05 18:11:04.899717');
INSERT INTO "collections" VALUES(205,'355212086608462',NULL,'2040000107',11,1,52,1,17,11.4,'2017-08-05 08:16:00.000000','2017-08-05 18:11:05.021547');
INSERT INTO "collections" VALUES(206,'355212086608462',NULL,'2040000108',11,1,140,1,17,2.9,'2017-08-05 08:16:00.000000','2017-08-05 18:11:05.148228');
INSERT INTO "collections" VALUES(207,'355212086608462',NULL,'2040000109',11,1,13,1,17,2.2,'2017-08-05 08:18:00.000000','2017-08-05 18:11:05.278596');
INSERT INTO "collections" VALUES(208,'355212086608462',NULL,'2040000110',11,1,73,1,17,8.3,'2017-08-05 08:35:00.000000','2017-08-05 18:11:05.397414');
INSERT INTO "collections" VALUES(209,'355212086608462',NULL,'2040000111',11,1,47,1,17,2.6,'2017-08-05 09:55:00.000000','2017-08-05 18:11:05.513083');
INSERT INTO "collections" VALUES(210,'355212086608462',NULL,'2040000112',11,1,92,1,17,6.9,'2017-08-05 10:09:00.000000','2017-08-05 18:11:05.627307');
INSERT INTO "collections" VALUES(211,'355212086608462',NULL,'2040000113',11,1,56,1,17,2.2,'2017-08-05 10:29:00.000000','2017-08-05 18:11:05.747070');
INSERT INTO "collections" VALUES(212,'355212086608462',NULL,'2040000114',11,1,8,1,17,1.7,'2017-08-05 11:48:00.000000','2017-08-05 18:11:05.876823');
INSERT INTO "collections" VALUES(213,'355212086608462',NULL,'2040000115',11,1,111,1,17,633.2,'2017-08-05 11:53:00.000000','2017-08-05 18:11:05.995985');
INSERT INTO "collections" VALUES(214,'355212086608462',NULL,'2040000116',11,1,100,1,17,5.5,'2017-08-05 13:02:00.000000','2017-08-05 18:11:06.118749');
INSERT INTO "collections" VALUES(215,'355212086608462',NULL,'2040000117',11,1,22,1,17,8.7,'2017-08-05 13:56:00.000000','2017-08-05 18:11:06.228723');
INSERT INTO "collections" VALUES(216,'355212086608462',NULL,'2040000118',11,1,140,1,17,2.3,'2017-08-05 17:18:00.000000','2017-08-05 18:11:06.344707');
INSERT INTO "collections" VALUES(217,'355212086608462',NULL,'2040000119',11,1,73,1,17,5.3,'2017-08-05 17:48:00.000000','2017-08-05 18:11:06.456762');
INSERT INTO "collections" VALUES(218,'355212084828161',NULL,'2050000052',6,1,64,1,19,3.0,'2017-08-06 06:07:00.000000','2017-08-06 14:41:09.911880');
INSERT INTO "collections" VALUES(219,'355212084828161',NULL,'2050000053',6,1,113,1,19,1.0,'2017-08-06 06:13:00.000000','2017-08-06 14:41:10.090727');
INSERT INTO "collections" VALUES(220,'355212084828161',NULL,'2050000054',6,1,59,1,19,6.4,'2017-08-06 06:25:00.000000','2017-08-06 14:41:10.648017');
INSERT INTO "collections" VALUES(221,'355212084828161',NULL,'2050000055',6,1,41,1,19,2.8,'2017-08-06 06:31:00.000000','2017-08-06 14:41:10.854833');
INSERT INTO "collections" VALUES(222,'355212084828161',NULL,'2050000056',6,1,41,1,19,2.8,'2017-08-06 06:34:00.000000','2017-08-06 14:41:11.071379');
INSERT INTO "collections" VALUES(223,'355212084828161',NULL,'2050000057',6,1,48,1,19,5.0,'2017-08-06 06:45:00.000000','2017-08-06 14:41:11.204788');
INSERT INTO "collections" VALUES(224,'355212084828161',NULL,'2050000058',6,1,48,1,19,5.0,'2017-08-06 06:46:00.000000','2017-08-06 14:41:11.357338');
INSERT INTO "collections" VALUES(225,'355212084828161',NULL,'2050000059',6,1,57,1,19,10.0,'2017-08-06 06:47:00.000000','2017-08-06 14:41:11.479981');
INSERT INTO "collections" VALUES(226,'355212084828161',NULL,'2050000060',6,1,57,1,19,10.0,'2017-08-06 06:48:00.000000','2017-08-06 14:41:11.641767');
INSERT INTO "collections" VALUES(227,'355212084828161',NULL,'2050000061',6,1,83,1,19,7.0,'2017-08-06 07:19:00.000000','2017-08-06 14:41:11.843601');
INSERT INTO "collections" VALUES(228,'355212084828161',NULL,'2050000062',6,1,147,1,19,2.2,'2017-08-06 07:40:00.000000','2017-08-06 14:41:11.996225');
INSERT INTO "collections" VALUES(229,'355212084828161',NULL,'2050000063',6,1,85,1,19,5.0,'2017-08-06 08:06:00.000000','2017-08-06 14:41:12.162734');
INSERT INTO "collections" VALUES(230,'355212084828161',NULL,'2050000064',6,1,85,1,19,4.7,'2017-08-06 08:10:00.000000','2017-08-06 14:41:12.345961');
INSERT INTO "collections" VALUES(231,'355212084828161',NULL,'2050000065',6,1,51,1,19,3.7,'2017-08-06 08:41:00.000000','2017-08-06 14:41:12.506383');
INSERT INTO "collections" VALUES(232,'355212084828161',NULL,'2050000066',6,1,51,1,19,3.8,'2017-08-06 08:44:00.000000','2017-08-06 14:41:12.654774');
INSERT INTO "collections" VALUES(233,'355212084828161',NULL,'2050000067',6,1,85,1,19,6.0,'2017-08-06 08:44:00.000000','2017-08-06 14:41:12.809470');
INSERT INTO "collections" VALUES(234,'355212084828161',NULL,'2050000068',6,1,147,1,19,2.2,'2017-08-06 08:45:00.000000','2017-08-06 14:41:12.959608');
INSERT INTO "collections" VALUES(235,'355212084828161',NULL,'2050000069',6,1,91,1,19,8.0,'2017-08-06 08:46:00.000000','2017-08-06 14:41:13.141590');
INSERT INTO "collections" VALUES(236,'355212084828161',NULL,'2050000070',6,1,59,1,19,6.6,'2017-08-06 08:47:00.000000','2017-08-06 14:41:13.370426');
INSERT INTO "collections" VALUES(237,'355212084828161',NULL,'2050000071',6,1,41,1,19,2.8,'2017-08-06 08:48:00.000000','2017-08-06 14:41:13.563388');
INSERT INTO "collections" VALUES(238,'355212084828161',NULL,'2050000072',6,1,113,1,19,1.0,'2017-08-06 08:49:00.000000','2017-08-06 14:41:13.723849');
INSERT INTO "collections" VALUES(239,'355212084828161',NULL,'2050000073',6,1,64,1,19,3.0,'2017-08-06 08:51:00.000000','2017-08-06 14:41:14.896691');
INSERT INTO "collections" VALUES(240,'355212084828161',NULL,'2050000074',6,1,72,1,19,61.2,'2017-08-06 09:03:00.000000','2017-08-06 14:41:15.052410');
INSERT INTO "collections" VALUES(241,'355212084828161',NULL,'2050000075',6,1,88,1,19,2.0,'2017-08-06 09:42:00.000000','2017-08-06 14:41:15.233828');
INSERT INTO "collections" VALUES(242,'355212084828161',NULL,'2050000076',6,1,76,1,19,1.0,'2017-08-06 10:05:00.000000','2017-08-06 14:41:15.468013');
INSERT INTO "collections" VALUES(243,'355212084828161',NULL,'2050000077',6,1,135,1,19,5.0,'2017-08-06 10:26:00.000000','2017-08-06 14:41:15.666322');
INSERT INTO "collections" VALUES(244,'355212084828161',NULL,'2050000078',6,1,121,1,19,2.0,'2017-08-06 10:40:00.000000','2017-08-06 14:41:15.828080');
INSERT INTO "collections" VALUES(245,'355212084828161',NULL,'2050000079',6,1,70,1,19,4.0,'2017-08-06 10:41:00.000000','2017-08-06 14:41:16.017468');
INSERT INTO "collections" VALUES(246,'355212084828161',NULL,'2050000080',6,1,71,1,19,3.0,'2017-08-06 10:41:00.000000','2017-08-06 14:41:16.201174');
INSERT INTO "collections" VALUES(247,'355212084828161',NULL,'2050000081',6,1,141,1,19,3.0,'2017-08-06 10:50:00.000000','2017-08-06 14:41:16.640647');
INSERT INTO "collections" VALUES(248,'355212084828161',NULL,'2050000082',6,1,58,1,19,2.0,'2017-08-06 10:57:00.000000','2017-08-06 14:41:19.068415');
INSERT INTO "collections" VALUES(249,'355212084828161',NULL,'2050000083',6,1,120,1,19,8.5,'2017-08-06 11:06:00.000000','2017-08-06 14:41:19.235233');
INSERT INTO "collections" VALUES(250,'355212084828161',NULL,'2050000084',6,1,66,1,19,5.1,'2017-08-06 11:20:00.000000','2017-08-06 14:41:19.469306');
INSERT INTO "collections" VALUES(251,'355212084828161',NULL,'2050000085',6,1,31,1,19,6.8,'2017-08-06 11:49:00.000000','2017-08-06 14:41:19.766389');
INSERT INTO "collections" VALUES(252,'355212086608462',NULL,'2040000120',11,1,52,1,20,10.1,'2017-08-06 15:17:00.000000','2017-08-06 18:16:03.347270');
INSERT INTO "collections" VALUES(253,'355212086608462',NULL,'2040000121',11,1,9,1,20,3.9,'2017-08-06 15:17:00.000000','2017-08-06 18:16:03.882395');
INSERT INTO "collections" VALUES(254,'355212086608462',NULL,'2040000122',11,1,105,1,20,6.6,'2017-08-06 15:18:00.000000','2017-08-06 18:16:04.597766');
INSERT INTO "collections" VALUES(255,'355212086608462',NULL,'2040000123',11,1,100,1,20,4.1,'2017-08-06 15:18:00.000000','2017-08-06 18:16:06.111756');
INSERT INTO "collections" VALUES(256,'355212086608462',NULL,'2040000124',11,1,2,1,20,3.5,'2017-08-06 15:19:00.000000','2017-08-06 18:16:07.659676');
INSERT INTO "collections" VALUES(257,'355212086608462',NULL,'2040000125',11,1,140,1,20,3.1,'2017-08-06 15:21:00.000000','2017-08-06 18:16:08.174895');
INSERT INTO "collections" VALUES(258,'355212086608462',NULL,'2040000126',11,1,17,1,20,3.3,'2017-08-06 15:22:00.000000','2017-08-06 18:16:09.776732');
INSERT INTO "collections" VALUES(259,'355212086608462',NULL,'2040000127',11,1,19,1,20,5.4,'2017-08-06 15:22:00.000000','2017-08-06 18:16:10.396903');
INSERT INTO "collections" VALUES(260,'355212086608462',NULL,'2040000128',11,1,104,1,20,2.8,'2017-08-06 15:23:00.000000','2017-08-06 18:16:11.001133');
INSERT INTO "collections" VALUES(261,'355212086608462',NULL,'2040000129',11,1,99,1,20,3.7,'2017-08-06 15:23:00.000000','2017-08-06 18:16:11.687048');
INSERT INTO "collections" VALUES(262,'355212086608462',NULL,'2040000130',11,1,137,1,20,2.4,'2017-08-06 15:24:00.000000','2017-08-06 18:16:12.359911');
INSERT INTO "collections" VALUES(263,'355212086608462',NULL,'2040000131',11,1,30,1,20,2.9,'2017-08-06 15:25:00.000000','2017-08-06 18:16:12.896421');
INSERT INTO "collections" VALUES(264,'355212086608462',NULL,'2040000132',11,1,73,1,20,8.7,'2017-08-06 15:25:00.000000','2017-08-06 18:16:13.506094');
INSERT INTO "collections" VALUES(265,'355212086608462',NULL,'2040000133',11,1,68,1,20,3.0,'2017-08-06 15:27:00.000000','2017-08-06 18:16:14.099102');
INSERT INTO "collections" VALUES(266,'355212086608462',NULL,'2040000134',11,1,12,1,20,11.1,'2017-08-06 15:28:00.000000','2017-08-06 18:16:14.635813');
INSERT INTO "collections" VALUES(267,'355212086608462',NULL,'2040000135',11,1,129,1,20,5.0,'2017-08-06 15:29:00.000000','2017-08-06 18:16:15.346365');
INSERT INTO "collections" VALUES(268,'355212086608462',NULL,'2040000136',11,1,126,1,20,2.0,'2017-08-06 15:29:00.000000','2017-08-06 18:16:15.930463');
INSERT INTO "collections" VALUES(269,'355212086608462',NULL,'2040000137',11,1,56,1,20,1.8,'2017-08-06 15:30:00.000000','2017-08-06 18:16:16.467610');
INSERT INTO "collections" VALUES(270,'355212086608462',NULL,'2040000138',11,1,53,1,20,9.5,'2017-08-06 15:30:00.000000','2017-08-06 18:16:16.989411');
INSERT INTO "collections" VALUES(271,'355212086608462',NULL,'2040000139',11,1,8,1,20,1.8,'2017-08-06 15:31:00.000000','2017-08-06 18:16:17.738853');
INSERT INTO "collections" VALUES(272,'355212086608462',NULL,'2040000140',11,1,47,1,20,2.2,'2017-08-06 15:31:00.000000','2017-08-06 18:16:18.310713');
INSERT INTO "collections" VALUES(273,'355212086608462',NULL,'2040000141',11,1,13,1,20,2.2,'2017-08-06 15:32:00.000000','2017-08-06 18:16:18.767767');
INSERT INTO "collections" VALUES(274,'355212086608462',NULL,'2040000142',11,1,92,1,20,6.9,'2017-08-06 15:32:00.000000','2017-08-06 18:16:19.964883');
INSERT INTO "collections" VALUES(275,'355212086608462',NULL,'2040000143',11,1,111,1,20,432.8,'2017-08-06 15:32:00.000000','2017-08-06 18:16:22.097230');
INSERT INTO "collections" VALUES(276,'355212086608462',NULL,'2040000144',11,1,137,1,20,1.0,'2017-08-06 15:33:00.000000','2017-08-06 18:16:22.692250');
INSERT INTO "collections" VALUES(277,'355212086608462',NULL,'2040000145',11,1,100,1,20,5.4,'2017-08-06 15:35:00.000000','2017-08-06 18:16:23.433052');
INSERT INTO "collections" VALUES(278,'355212086608462',NULL,'2040000146',11,1,22,1,20,7.7,'2017-08-06 15:35:00.000000','2017-08-06 18:16:23.907237');
INSERT INTO "collections" VALUES(279,'355212086608462',NULL,'2040000147',11,1,2,1,20,3.6,'2017-08-06 17:02:00.000000','2017-08-06 18:16:24.673170');
INSERT INTO "collections" VALUES(280,'355212086608462',NULL,'2040000148',11,1,73,1,20,4.2,'2017-08-06 17:47:00.000000','2017-08-06 18:16:25.368364');
INSERT INTO "collections" VALUES(281,'355212086608462',NULL,'2040000149',11,1,140,1,20,2.6,'2017-08-06 17:55:00.000000','2017-08-06 18:16:25.981054');
INSERT INTO "collections" VALUES(282,'355212084828161',NULL,'2050000086',6,1,64,1,22,3.0,'2017-08-07 08:02:00.000000','2017-08-07 14:04:57.217209');
INSERT INTO "collections" VALUES(283,'355212084828161',NULL,'2050000087',6,1,59,1,22,5.7,'2017-08-07 08:02:00.000000','2017-08-07 14:04:57.616619');
INSERT INTO "collections" VALUES(284,'355212084828161',NULL,'2050000088',6,1,113,1,22,2.0,'2017-08-07 08:04:00.000000','2017-08-07 14:04:58.037659');
INSERT INTO "collections" VALUES(285,'355212084828161',NULL,'2050000089',6,1,91,1,22,8.5,'2017-08-07 08:05:00.000000','2017-08-07 14:05:51.744487');
INSERT INTO "collections" VALUES(286,'355212084828161',NULL,'2050000090',6,1,48,1,22,5.0,'2017-08-07 08:05:00.000000','2017-08-07 14:05:52.177226');
INSERT INTO "collections" VALUES(287,'355212084828161',NULL,'2050000091',6,1,83,1,22,7.0,'2017-08-07 08:08:00.000000','2017-08-07 14:05:52.577995');
INSERT INTO "collections" VALUES(288,'355212084828161',NULL,'2050000092',6,1,136,1,22,5.1,'2017-08-07 08:10:00.000000','2017-08-07 14:05:53.181877');
INSERT INTO "collections" VALUES(289,'355212084828161',NULL,'2050000093',6,1,147,1,22,2.0,'2017-08-07 08:29:00.000000','2017-08-07 14:05:53.686205');
INSERT INTO "collections" VALUES(290,'355212084828161',NULL,'2050000094',6,1,80,1,22,51.0,'2017-08-07 08:37:00.000000','2017-08-07 14:05:53.968481');
INSERT INTO "collections" VALUES(291,'355212084828161',NULL,'2050000095',6,1,148,1,22,5.0,'2017-08-07 08:48:00.000000','2017-08-07 14:05:54.138923');
INSERT INTO "collections" VALUES(292,'355212084828161',NULL,'2050000096',6,1,85,1,22,5.0,'2017-08-07 08:50:00.000000','2017-08-07 14:05:54.372111');
INSERT INTO "collections" VALUES(293,'355212084828161',NULL,'2050000097',6,1,51,1,22,3.8,'2017-08-07 09:02:00.000000','2017-08-07 14:05:54.633278');
INSERT INTO "collections" VALUES(294,'355212084828161',NULL,'2050000098',6,1,128,1,22,3.0,'2017-08-07 09:10:00.000000','2017-08-07 14:05:54.812431');
INSERT INTO "collections" VALUES(295,'355212084828161',NULL,'2050000099',6,1,88,1,22,2.0,'2017-08-07 10:08:00.000000','2017-08-07 14:05:55.030469');
INSERT INTO "collections" VALUES(296,'355212084828161',NULL,'2050000100',6,1,76,1,22,1.0,'2017-08-07 10:20:00.000000','2017-08-07 14:05:55.290090');
INSERT INTO "collections" VALUES(297,'355212084828161',NULL,'2050000101',6,1,138,1,22,4.0,'2017-08-07 10:39:00.000000','2017-08-07 14:05:55.543670');
INSERT INTO "collections" VALUES(298,'355212084828161',NULL,'2050000102',6,1,135,1,22,5.0,'2017-08-07 10:49:00.000000','2017-08-07 14:05:55.981553');
INSERT INTO "collections" VALUES(299,'355212084828161',NULL,'2050000103',6,1,70,1,22,3.0,'2017-08-07 11:02:00.000000','2017-08-07 14:05:56.207074');
INSERT INTO "collections" VALUES(300,'355212084828161',NULL,'2050000104',6,1,71,1,22,2.0,'2017-08-07 11:02:00.000000','2017-08-07 14:05:56.471265');
INSERT INTO "collections" VALUES(301,'355212084828161',NULL,'2050000105',6,1,133,1,22,2.0,'2017-08-07 11:03:00.000000','2017-08-07 14:05:56.657330');
INSERT INTO "collections" VALUES(302,'355212084828161',NULL,'2050000106',6,1,141,1,22,2.0,'2017-08-07 11:11:00.000000','2017-08-07 14:05:56.856178');
INSERT INTO "collections" VALUES(303,'355212084828161',NULL,'2050000107',6,1,141,1,22,1.0,'2017-08-07 11:13:00.000000','2017-08-07 14:05:56.997640');
INSERT INTO "collections" VALUES(304,'355212084828161',NULL,'2050000108',6,1,58,1,22,2.0,'2017-08-07 11:16:00.000000','2017-08-07 14:05:57.224014');
INSERT INTO "collections" VALUES(305,'355212084828161',NULL,'2050000109',6,1,58,1,22,2.0,'2017-08-07 11:19:00.000000','2017-08-07 14:05:57.432678');
INSERT INTO "collections" VALUES(306,'355212084828161',NULL,'2050000110',6,1,64,1,23,4.2,'2017-08-08 08:14:00.000000','2017-08-08 12:11:41.662076');
INSERT INTO "collections" VALUES(307,'355212084828161',NULL,'2050000111',6,1,113,1,23,2.0,'2017-08-08 08:15:00.000000','2017-08-08 12:11:41.831333');
INSERT INTO "collections" VALUES(308,'355212084828161',NULL,'2050000112',6,1,59,1,23,5.7,'2017-08-08 08:16:00.000000','2017-08-08 12:11:41.962125');
INSERT INTO "collections" VALUES(309,'355212084828161',NULL,'2050000113',6,1,91,1,23,8.5,'2017-08-08 08:17:00.000000','2017-08-08 12:11:42.096332');
INSERT INTO "collections" VALUES(310,'355212084828161',NULL,'2050000114',6,1,48,1,23,4.0,'2017-08-08 08:17:00.000000','2017-08-08 12:11:42.244296');
INSERT INTO "collections" VALUES(311,'355212084828161',NULL,'2050000115',6,1,85,1,23,5.0,'2017-08-08 08:18:00.000000','2017-08-08 12:11:42.398260');
INSERT INTO "collections" VALUES(312,'355212084828161',NULL,'2050000116',6,1,51,1,23,3.8,'2017-08-08 08:19:00.000000','2017-08-08 12:11:42.524633');
INSERT INTO "collections" VALUES(313,'355212084828161',NULL,'2050000117',6,1,83,1,23,7.0,'2017-08-08 08:19:00.000000','2017-08-08 12:11:42.647696');
INSERT INTO "collections" VALUES(314,'355212084828161',NULL,'2050000118',6,1,88,1,23,2.0,'2017-08-08 08:48:00.000000','2017-08-08 12:11:42.767202');
CREATE TABLE trip_payments (
	id SERIAL NOT NULL, 
	status VARCHAR(20), 
	rate FLOAT, 
	weight FLOAT, 
	kdb FLOAT, 
	gross FLOAT, 
	net FLOAT, 
	is_paid BOOLEAN, 
	user_id INTEGER, 
	trip_id INTEGER, 
	contract_id INTEGER, 
	farmer_id INTEGER, 
	draft_date TIMESTAMP, 
	delivery_date TIMESTAMP, 
	last_updated TIMESTAMP, 
	PRIMARY KEY (id), 
	CHECK (is_paid IN ('0', '1')), 
	FOREIGN KEY(user_id) REFERENCES users (id), 
	FOREIGN KEY(trip_id) REFERENCES trips (id), 
	FOREIGN KEY(contract_id) REFERENCES contracts (id), 
	FOREIGN KEY(farmer_id) REFERENCES farmers (id)
);
CREATE UNIQUE INDEX ix_users_email ON users (email);
CREATE UNIQUE INDEX ix_users_username ON users (username);
CREATE UNIQUE INDEX ix_app_users_username ON app_users (username);
CREATE UNIQUE INDEX ix_app_users_phone_number ON app_users (phone_number);
CREATE UNIQUE INDEX ix_drivers_phone_number ON drivers (phone_number);
CREATE UNIQUE INDEX ix_factories_code ON factories (code);
CREATE UNIQUE INDEX ix_factories_name ON factories (name);
CREATE UNIQUE INDEX ix_seasons_name ON seasons (name);
CREATE UNIQUE INDEX ix_seasons_code ON seasons (code);
CREATE UNIQUE INDEX ix_produce_code ON produce (code);
CREATE UNIQUE INDEX ix_produce_name ON produce (name);
CREATE UNIQUE INDEX ix_vehicles_reg_no ON vehicles (reg_no);
CREATE UNIQUE INDEX ix_routes_code ON routes (code);
CREATE UNIQUE INDEX ix_routes_name ON routes (name);
CREATE INDEX ix_trips_status ON trips (status);
CREATE UNIQUE INDEX ix_collection_centres_code ON collection_centres (code);
CREATE UNIQUE INDEX ix_collection_centres_name ON collection_centres (name);
CREATE UNIQUE INDEX ix_farmers_supplier_no ON farmers (supplier_no);
CREATE UNIQUE INDEX ix_contracts_contract_no ON contracts (contract_no);
COMMIT;
